author,paragraphs,title,id,dynasty,genre,tags,notes,rhythmic,prologue,content
德誠,"香餌竿頭也不無，向來祇是釣名魚。
波沃日，浪涵虛，萬象牢籠號有餘。",拨櫂歌 三十二,26213571-4b04-47e0-a740-72ddee580ca9,唐代,诗,,,,,"香饵竿头也不无,向来祇是钓名鱼. 波沃日,浪涵虚,万象牢笼号有余."
李涉,"錦池江上柳垂橋，風引蟬聲送寂寥。
不必如絲千萬縷，只禁離恨兩三條。",柳枝词,9b8f9ff5-ec06-4f60-9980-b116842374ec,唐代,诗,,,,,"锦池江上柳垂桥,风引蝉声送寂寥. 不必如丝千万缕,只禁离恨两三条."
何仲舉,"似玉來投獄，拋家去就枷。
可憐兩片木，夾却一枝花。",李臯试诗,f71050f4-0261-41bc-881e-1935a37ebb01,唐代,诗,,,,,"似玉来投狱,抛家去就枷. 可怜两片木,夹却一枝花."
劉商,"行盡胡天千萬里，惟見黃沙白雲起。
馬飢跑雪銜草根，人渴敲冰飲流水。
燕山髣髴辨烽戍，鼙鼓如聞漢家壘。
努力前程是帝鄉，生前免向胡中死。",琴曲歌辞 胡笳十八拍 第十七拍,c02906d2-c9d0-4319-8996-95902b618962,唐代,诗,,,,,"行尽胡天千万里,惟见黄沙白云起. 马饥跑雪衔草根,人渴敲冰饮流水. 燕山髣髴辨烽戍,鼙鼓如闻汉家垒. 努力前程是帝乡,生前免向胡中死."
貫休,"下營依遁甲，分帥把河隍。
地使人心惡，風吹旗燄荒。
搜山得探卒，放火獵黃羊。
唯有南飛雁，聲聲斷客腸。",古塞下曲七首 一,7e385d41-7a71-4829-905d-bd7f1e806c99,唐代,诗,,,,,"下营依遁甲,分帅把河隍. 地使人心恶,风吹旗燄荒. 搜山得探卒,放火猎黄羊. 唯有南飞雁,声声断客肠."
李遠,"西陵樹已盡，銅雀思偏多。
雪密疑樓閣，花開想綺羅。
影銷堂上舞，聲斷帳前歌。
唯有漳河水，年年舊綠波。",悲铜雀台,165060cb-4603-4748-809d-aaa12fe3550e,唐代,诗,,,,,"西陵树已尽,铜雀思偏多. 雪密疑楼阁,花开想绮罗. 影销堂上舞,声断帐前歌. 唯有漳河水,年年旧绿波."
貫休,"河北江東處處災，唯聞全蜀勿塵埃。
一缾一鉢垂垂老，千水千山得得來。
奈菀幽棲多勝景，巴歈陳貢媿非才。
自慙林藪龍鍾者，亦得親登郭隗臺。",陈情献蜀皇帝,1e4bb2c4-aa18-4a7e-8600-f459d9933dcf,唐代,诗,,,,,"河北江东处处灾,唯闻全蜀勿尘埃. 一缾一钵垂垂老,千水千山得得来. 奈菀幽栖多胜景,巴歈陈贡媿非才. 自慙林薮龙钟者,亦得亲登郭隗台."
盧僎,"賦生期獨得，素業守微班。
外忝文學知，鴻漸鵷鷺間。
內傾水木趣，築室依近山。
晨趨天日[晏]，夕臥江海閑。
松風生坐隅，仙禽舞亭灣。
曙雲林下客，霽月池上顏。
雖曰坐郊園，靜默非人寰。
時步蒼龍闕，寧異白雲關。
語濟豈時顧，默善忘世攀。
世網余何觸，天涯謫南蠻。
回首思洛陽，喟然悲貞艱。",初出京邑有怀旧林,9079b311-c980-4a27-9232-317b8ac1804d,唐代,诗,,,,,"赋生期独得,素业守微班. 外忝文学知,鸿渐鹓鹭间. 内倾水木趣,筑室依近山. 晨趋天日[晏],夕卧江海闲. 松风生坐隅,仙禽舞亭湾. 曙云林下客,霁月池上颜. 虽曰坐郊园,静默非人寰. 时步苍龙阙,宁异白云关. 语济岂时顾,默善忘世攀. 世网余何触,天涯谪南蛮. 回首思洛阳,喟然悲贞艰."
蘇頲,"御道紅旗出，芳園翠輦遊。
繞花開水殿，架竹起山樓。
荷芰輕薰幄，魚龍出負舟。
寧知穆天子，空賦白雲秋。",春日芙蓉园侍宴应制,61479e50-d043-4087-9210-ba372edd74e0,唐代,诗,,,,,"御道红旗出,芳园翠辇游. 绕花开水殿,架竹起山楼. 荷芰轻薰幄,鱼龙出负舟. 宁知穆天子,空赋白云秋."
陸龜蒙,"手盤風，頭背分，電光戰扇，欲刺敲心留半綫。
纏肩繞脰，𧞔合眩旋。
卓植赴列，奪避中節。
前衝函禮穴，上指孛彗滅，與君一用來有截。",舞曲歌辞 吴俞儿舞歌 矛俞,29d4e6ab-d0d6-4848-8457-3eeae711bfec,唐代,诗,,,,,"手盘风,头背分,电光战扇,欲刺敲心留半线. 缠肩绕脰,𧞔合眩旋. 卓植赴列,夺避中节. 前冲函礼穴,上指孛彗灭,与君一用来有截."
皮日休,"松陵清淨雪消初，見底新安恐未如。
穩凭船舷無一事，分明數得鱠殘魚。",松江早春,1e01d799-ea31-44b9-beda-39f919271104,唐代,诗,,,,,"松陵清净雪消初,见底新安恐未如. 稳凭船舷无一事,分明数得鲙残鱼."
皎然,"越人遺我剡溪茗，採得金牙爨金鼎。
素瓷雪色縹沫香，何似諸仙瓊蘂漿。
一飲滌昏寐，情來朗爽滿天地。
再飲清我神，忽如飛雨灑輕塵。
三飲便得道，何須苦心破煩惱。
此物清高世莫知，世人飲酒多自欺。
愁看畢卓甕間夜，笑向陶潛籬下時。
崔侯啜之意不已，狂歌一曲驚人耳。
孰知茶道全爾真，唯有丹丘得如此。",饮茶歌诮崔石使君,41fca742-a88c-4a20-8dfe-a48d2d6f7d43,唐代,诗,,,,,"越人遗我剡溪茗,采得金牙爨金鼎. 素瓷雪色缥沫香,何似诸仙琼蘂浆. 一饮涤昏寐,情来朗爽满天地. 再饮清我神,忽如飞雨洒轻尘. 三饮便得道,何须苦心破烦恼. 此物清高世莫知,世人饮酒多自欺. 愁看毕卓瓮间夜,笑向陶潜篱下时. 崔侯啜之意不已,狂歌一曲惊人耳. 孰知茶道全尔真,唯有丹丘得如此."
師備,"奇哉一靈叟，那頓許吺吺（音兜）。
風起引箜篌，迷子爭頭湊。
設使緫不是，蝦蟆張大口。
開口不開口，終是犯靈叟。
欲識箇中意，南星真北斗。",颂 二,6f4c6712-cee1-4e61-81fb-3115a2b55585,唐代,诗,,,,,"奇哉一灵叟,那顿许吺吺(音兜). 风起引箜篌,迷子争头凑. 设使緫不是,虾蟆张大口. 开口不开口,终是犯灵叟. 欲识个中意,南星真北斗."
李商隱,"虎踞龍蹲縱復橫，星光漸減雨痕生。
不須併礙東西路，哭殺廚頭阮步兵。",乱石,245493d5-ed57-489e-aa36-45d6947f3cab,唐代,诗,,,,,"虎踞龙蹲纵复横,星光渐减雨痕生. 不须并碍东西路,哭杀厨头阮步兵."
漢皓,西風暮雨驚殘夢，應是巫山寄恨來。,句,938c9eac-51b4-47d9-9e44-29bec2d7fa3f,唐代,诗,,,,,"西风暮雨惊残梦,应是巫山寄恨来."
錢起,"晚泊武昌岸，津亭疎柳風。
數株曾手植，好事憶陶公。",江行无题一百首 五十五,2d3a6835-caa8-45c1-9873-0e2a2ad3406f,唐代,诗,,,,,"晚泊武昌岸,津亭疎柳风. 数株曾手植,好事忆陶公."
韓愈,"我衣之華兮，我佩之光。
陸君之去兮，誰與翺翔。
斂此大惠兮，施於一州。
今其去矣，胡不爲留。
我作此詩，歌於遠道。
無疾其驅，天子有詔。",送陆歙州傪,4196d48d-8b3d-4b74-b28c-1cecaa9f32fa,唐代,诗,,,,,"我衣之华兮,我佩之光. 陆君之去兮,谁与翺翔. 敛此大惠兮,施于一州. 今其去矣,胡不为留. 我作此诗,歌于远道. 无疾其驱,天子有诏."
劉象,"潔白孤高生不同，頂絲清軟冷搖風。
窺魚翹立荷香裏，慕侶低翻柳影中。
幾日下巢辭紫閣，多時凝目向晴空。
摩霄志在潛修羽，會接鑾凰別葦叢。",鹭鸶,8e1dbe55-0d25-4eb7-84f5-85674dfc2951,唐代,诗,,,,,"洁白孤高生不同,顶丝清软冷摇风. 窥鱼翘立荷香里,慕侣低翻柳影中. 几日下巢辞紫阁,多时凝目向晴空. 摩霄志在潜修羽,会接銮凰别苇丛."
杜甫,"清晨蒙菜把，常荷地主恩。
守者愆實數，略有其名存。
苦苣刺如針，馬齒葉亦繁。
青青嘉蔬色，埋沒在中園。
園吏未足怪，世事固堪論。
嗚呼戰伐久，荆棘暗長原。
乃知苦苣輩，傾奪蕙草根。
小人塞道路，爲態何喧喧。
又如馬齒盛，氣擁葵荏昏。
點染不易虞，絲麻雜羅紈。
一經器物內，永挂麤刺痕。
志士采紫芝，放歌避戎軒。
畦丁負籠至，感動百慮端。",园官送茶,246ff90e-bd5c-4e81-8637-f1605fa647d9,唐代,诗,,,,,"清晨蒙菜把,常荷地主恩. 守者愆实数,略有其名存. 苦苣刺如针,马齿叶亦繁. 青青嘉蔬色,埋没在中园. 园吏未足怪,世事固堪论. 呜呼战伐久,荆棘暗长原. 乃知苦苣辈,倾夺蕙草根. 小人塞道路,为态何喧喧. 又如马齿盛,气拥葵荏昏. 点染不易虞,丝麻杂罗纨. 一经器物内,永挂麤刺痕. 志士采紫芝,放歌避戎轩. 畦丁负笼至,感动百虑端."
李商隱,"潘岳無妻客爲愁，新人來坐舊妝樓。
春風猶自疑聯句，雪絮相和飛不休。",过招国李家南园二首 一,5bfdfaf3-7ec6-459b-9c62-d04f3b755ba2,唐代,诗,,,,,"潘岳无妻客为愁,新人来坐旧妆楼. 春风犹自疑联句,雪絮相和飞不休."
不詳,"香風引到大羅天，月地雲階拜洞仙。
共道人間惆悵事，不知人夕是何年。",牛僧孺入薄后庙与诸后妃共吟诗(题拟) 牛僧孺作诗,07bdb559-4d76-408f-a58c-3a0456bc1fbf,唐代,诗,,,,,"香风引到大罗天,月地云阶拜洞仙. 共道人间惆怅事,不知人夕是何年."
鄭谷,"湛湛清江疊疊山，白雲白鳥在其間。
漁翁醉睡又醒睡，誰道皇天最惜閑。",浯溪,618dc75f-4bc9-4f52-b1aa-ef8efdea4d8c,唐代,诗,,,,,"湛湛清江叠叠山,白云白鸟在其间. 渔翁醉睡又醒睡,谁道皇天最惜闲."
盧綸,"臨杯忽泫然，非是惡離弦。
塵陌望松雪，我衰君少年。
幽僧曝山果，寒鹿守冰泉。
感物如有待，況依回也賢。",送赵真长归夏县旧山依阳征君读书,d27cb764-d288-47e1-b54b-f25af928338d,唐代,诗,,,,,"临杯忽泫然,非是恶离弦. 尘陌望松雪,我衰君少年. 幽僧曝山果,寒鹿守冰泉. 感物如有待,况依回也贤."
張祜,"朱閣鱗虛搆，環瞻極水鄉。
青螺蔟山色，白練展湖光。
矗戶浮雲過，斜軒早鴈翔。
萬簷攢肆邸，千葉溢津航。
疊供儳寒碧，飛窗漏夕陽。
月輪霄輾棟，風鐸曙鏗廊。
塔聳尖層出，河縈小派長。
因還九霄上，凝步獨成章。
。",题重玄寺阁八韵,8b1b22a4-37a9-4916-a724-9cf313cda916,唐代,诗,,,,,"朱阁鳞虚搆,环瞻极水乡. 青螺蔟山色,白练展湖光. 矗户浮云过,斜轩早鴈翔. 万簷攒肆邸,千叶溢津航. 叠供儳寒碧,飞窗漏夕阳. 月轮霄辗栋,风铎曙铿廊. 塔耸尖层出,河萦小派长. 因还九霄上,凝步独成章. ."
易靜,"軍（川本作「城」）營內，牛馬夜間鳴。
必有暴兵來覓鬬，直須防備夜偷營，速暗布精兵。","兵要望江南 占兽第二十(京本列第二十二,前六首另作「占牛马第十八」○三十四首) 六",74d5613c-7fcc-43c2-a74f-d4b364f77e0e,唐代,诗,,,,,"军(川本作「城」)营内,牛马夜间鸣. 必有暴兵来觅鬬,直须防备夜偷营,速暗布精兵."
徐夤,"早起雀聲送喜頻，白魚芳酒寄來珍。
馨香乍揭春風甕，撥刺初辭夜雨津。
樽闊最宜澄桂液，網疎殊未損霜鱗。
不曾垂釣兼親醞，堪愧金臺醉飽身。",谢主人惠绿酒白鱼,7af43a17-25bc-4308-832c-5ac0fb99483c,唐代,诗,,,,,"早起雀声送喜频,白鱼芳酒寄来珍. 馨香乍揭春风瓮,拨刺初辞夜雨津. 樽阔最宜澄桂液,网疎殊未损霜鳞. 不曾垂钓兼亲酝,堪愧金台醉饱身."
賈島,"北門楊柳葉，不覺已繽紛。
值鶴因臨水，迎僧忽背雲。
白鬚相並出，清淚兩行分。
默默空朝夕，苦吟誰喜聞。",秋暮,aa1f13cf-fc73-4c9f-942d-6c87d8a76f09,唐代,诗,,,,,"北门杨柳叶,不觉已缤纷. 值鹤因临水,迎僧忽背云. 白须相并出,清泪两行分. 默默空朝夕,苦吟谁喜闻."
溫庭筠,"隔石覓屐跡，西溪迷雞啼。
小鳥擾曉沼，犂泥齊低畦。",雨中与李先生期垂钓先后相失因作叠韵,63d2442b-288b-4ae8-9ad7-bb0019891906,唐代,诗,,,,,"隔石觅屐迹,西溪迷鸡啼. 小鸟扰晓沼,犂泥齐低畦."
韋應物,"素友俱薄世，屢招清景賞。
鳴鐘悟音聞，宿昔心已往。
重門相洞達，高宇亦遐朗。
嵐嶺曉城分，清陰夏條長。
氳氛芳臺馥，蕭散竹池廣。
平荷隨波泛，廻飆激林響。
蔬食遵道侶，泊懷遺滯想。
何彼塵昏人，區區在天壤。",慈恩伽蓝清会,a4ea207f-f164-4ca6-8901-823d810415a4,唐代,诗,,,,,"素友俱薄世,屡招清景赏. 鸣钟悟音闻,宿昔心已往. 重门相洞达,高宇亦遐朗. 岚岭晓城分,清阴夏条长. 氲氛芳台馥,萧散竹池广. 平荷随波泛,廻飙激林响. 蔬食遵道侣,泊怀遗滞想. 何彼尘昏人,区区在天壤."
白居易,"氈帳胡琴出塞曲，蘭塘越櫂弄潮聲。
何言此處同風月，薊北江南萬里情。",池边即事,104b0aa6-35d3-41f8-9961-a66fd899631c,唐代,诗,,,,,"毡帐胡琴出塞曲,兰塘越櫂弄潮声. 何言此处同风月,蓟北江南万里情."
戴叔倫,"前宮路非遠，舊苑春將遍。
玉戶看早梅，雕梁數飛燕。
身輕逐舞袖，香暖傳歌扇。
自和秋風詞，長侍昭陽殿。
誰信後庭人，年年獨不見。",独不见,657adab1-891f-4ad7-8570-10676fef36ec,唐代,诗,,,,,"前宫路非远,旧苑春将遍. 玉户看早梅,雕梁数飞燕. 身轻逐舞袖,香暖传歌扇. 自和秋风词,长侍昭阳殿. 谁信后庭人,年年独不见."
盧士衡,"千年埋沒竟何爲，變化宜將萬物齊。
安得風胡借方便，鑄成神劍斬鯨鯢。",钟陵铁柱,7cf5a7bf-abd6-4eb7-8902-dfbfb183c805,唐代,诗,,,,,"千年埋没竟何为,变化宜将万物齐. 安得风胡借方便,铸成神剑斩鲸鲵."
羅鄴,"夢斷南窗啼曉烏，新霜昨夜下庭梧。
不知簾外如珪月，還照邊城到曉無。",秋怨,aa7033e7-70ad-449c-8ae8-40ea460f2604,唐代,诗,,,,,"梦断南窗啼晓乌,新霜昨夜下庭梧. 不知帘外如珪月,还照边城到晓无."
齊己,"聞說征人說，嗚嗚何處邊。
孤城沙塞地，殘月雪霜天。
會轉胡風急，吹長磧雁連。
應傷漢車騎，名未勒燕然。",角,36f66970-f369-4a07-bbe4-aabe9be62d75,唐代,诗,,,,,"闻说征人说,呜呜何处边. 孤城沙塞地,残月雪霜天. 会转胡风急,吹长碛雁连. 应伤汉车骑,名未勒燕然."
司空圖,"幽徑入桑麻，塢西逢一家。
編籬薪帶繭，補屋草和花。",独坐,1fc1b07d-cf86-49f1-ab28-cede8b546e49,唐代,诗,,,,,"幽径入桑麻,坞西逢一家. 编篱薪带茧,补屋草和花."
周曇,"割地求和國必危，安知堅守絕來思。
年年來伐年年割，割盡韓鄲何所之。",春秋战国门 虞卿,9f05d684-2335-4aef-9deb-dec38328bb7b,唐代,诗,,,,,"割地求和国必危,安知坚守绝来思. 年年来伐年年割,割尽韩郸何所之."
西施,"雲霞出沒羣峰外，鷗鳥浮沈一水間。
一自越兵齊振地，夢魂不到虎丘山。",西施诗,184771db-dc12-4e83-b701-4f741f09efcb,唐代,诗,,,,,"云霞出没群峰外,鸥鸟浮沈一水间. 一自越兵齐振地,梦魂不到虎丘山."
王維,"萋萋春草秋綠，落落長松夏寒。
牛羊自歸村巷，童稚不識衣冠。",田园乐七首 四,2cd621d8-f22f-470d-974a-d6ef2892171f,唐代,诗,"['写人', '写景', '田园']",,,,"萋萋春草秋绿,落落长松夏寒. 牛羊自归村巷,童稚不识衣冠."
皎然,"風吹殘柳絲，孤客欲歸時。
掩抑楚弦絕，離披湘葉衰。
前軍猶轉戰，故國杳難期。
北望鴈門雪，空吟平子詩。",送李季良北归,c2a82c4d-8c7d-4c02-a5a8-3268bd1c085d,唐代,诗,,,,,"风吹残柳丝,孤客欲归时. 掩抑楚弦绝,离披湘叶衰. 前军犹转战,故国杳难期. 北望鴈门雪,空吟平子诗."
陳陶,"猗猗小豔夾通衢，晴日熏風笑越姝。
只是紅芳移不得，刺桐屏幛滿中都。",泉州刺桐花咏兼呈赵使君 四,ea8c55bb-8c45-44f5-b3de-0e91c79921bd,唐代,诗,,,,,"猗猗小艳夹通衢,晴日熏风笑越姝. 只是红芳移不得,刺桐屏幛满中都."
王勃,"上巳年光促，中川興緒遙。
綠齊山葉滿，紅洩片花銷。
泉聲喧後澗，虹影照前橋。
遽悲春望遠，江路積波潮。",上巳浮江宴韵得遥字,118a90d5-3a84-47d0-8261-5d92fb2da00a,唐代,诗,,,,,"上巳年光促,中川兴绪遥. 绿齐山叶满,红泄片花销. 泉声喧后涧,虹影照前桥. 遽悲春望远,江路积波潮."
李中,"閑齋病初起，心緒復悠悠。
開篋羣書蠹，聽蟬滿樹秋。
詩魔還漸動，藥債未能酬。
爲憶前山色，扶持上小樓。",病中作,c41d63e5-7f9b-45df-a6cf-e5e8e9b38b38,唐代,诗,,,,,"闲斋病初起,心绪复悠悠. 开箧群书蠹,听蝉满树秋. 诗魔还渐动,药债未能酬. 为忆前山色,扶持上小楼."
元結,"東南三千里，沅湘爲太湖。
湖上山谷深，有人多似愚。
嬰孩寄樹顛，就水捕鷠鱸。
所歡同鳥獸，身意復何拘。
吾行遍九州，此風皆已無。
吁嗟聖賢敎，不覺久躊躕。",系乐府十二首 思太古,5de3245d-8e8a-44df-88a4-d154aaca2983,唐代,诗,['太湖'],,,,"东南三千里,沅湘为太湖. 湖上山谷深,有人多似愚. 婴孩寄树颠,就水捕鷠鲈. 所欢同鸟兽,身意复何拘. 吾行遍九州,此风皆已无. 吁嗟圣贤教,不觉久踌蹰."
貫休,"常思將道者，高論地爐傍。
迂談無世味，夜深山木僵。
下山遭離亂，多病惟深藏。
一別三十年，煙水空茫茫。",闻无相道人顺世五首 三,db52ba9d-b7c0-4a0a-9b69-4d55c3d4f2f5,唐代,诗,,,,,"常思将道者,高论地炉傍. 迂谈无世味,夜深山木僵. 下山遭离乱,多病惟深藏. 一别三十年,烟水空茫茫."
方干,"舉目縱然非我有，思量似在故山時。
鶴盤遠勢投孤嶼，蟬曳殘聲過別枝。
涼月照窗欹枕倦，澄泉遶石泛觴遲。
青雲未得平行去，夢到江南身旅羇。",旅次洋州寓居郝氏林亭,49a003d9-bac0-4745-9dc2-58fb0c2fb266,唐代,诗,"['思乡', '感伤', '写景']",,,,"举目纵然非我有,思量似在故山时. 鹤盘远势投孤屿,蝉曳残声过别枝. 凉月照窗欹枕倦,澄泉遶石泛觞迟. 青云未得平行去,梦到江南身旅羇."
張籍,"白髮如今欲滿頭，從來百事盡應休。
祗於觸目須防病，不擬將心更養愁。
下藥遠求新熟酒，看山多上最高樓。
賴君同在京城住，每到花前免獨遊。",书怀寄王秘书,74c637b5-6125-4c59-9d66-1932b721ee82,唐代,诗,,,,,"白发如今欲满头,从来百事尽应休. 祗于触目须防病,不拟将心更养愁. 下药远求新熟酒,看山多上最高楼. 赖君同在京城住,每到花前免独游."
權德輿,"龍劒昔未發，泥沙相晦藏。
向非張茂先，孰辨斗牛光。
神物不自達，聖賢亦彷徨。
我行豐城野，慷慨心內傷。",丰城劒池驿感题,344f82e5-6f1c-4ea9-a4c2-49041091256e,唐代,诗,,,,,"龙劒昔未发,泥沙相晦藏. 向非张茂先,孰辨斗牛光. 神物不自达,圣贤亦彷徨. 我行丰城野,慷慨心内伤."
歐陽玭,"關勢遙臨海，峰巒半入雲。
煙中獨鳥下，潭上雜花熏。
寄遠悲春草，登臨憶使君。
此時還極目，離思更紛紛。",新岭临眺寄连总进士,10d7b11d-ff01-4218-9d09-d7d04ddfc763,唐代,诗,,,,,"关势遥临海,峰峦半入云. 烟中独鸟下,潭上杂花熏. 寄远悲春草,登临忆使君. 此时还极目,离思更纷纷."
杜甫,"旄頭彗紫微，無復俎豆事。
金甲相排蕩，青衿一顦顇。
嗚呼已十年，儒服弊於地。
征夫不遑息，學者淪素志。
我行洞庭野，歘得文翁肆。
侁侁胄子行，若舞風雩至。
周室宜中興，孔門未應棄。
是以資雅才，渙然立新意。
衡山雖小邑，首唱恢大義。
因見縣尹心，根源舊宮閟。
講堂非曩搆，大屋加塗墍。
下可容百人，牆隅亦深邃。
何必三千徒，始壓戎馬氣。
林木在庭戶，密幹疊蒼翠。
有井朱夏時，轆轤凍階戺。
耳聞讀書聲，殺伐災髣髴。
故國延歸望，衰顏減愁思。
南紀改波瀾，西河共風味。
采詩倦跋涉，載筆尚可記。
高歌激宇宙，凡百慎失墜。",题衡山县文宣王庙新学堂呈陆宰,704cf3c8-46c0-4e9f-b015-7e386bd0eff2,唐代,诗,"['衡山', '洞庭湖']",,,,"旄头彗紫微,无复俎豆事. 金甲相排荡,青衿一顦顇. 呜呼已十年,儒服弊于地. 征夫不遑息,学者沦素志. 我行洞庭野,歘得文翁肆. 侁侁胄子行,若舞风雩至. 周室宜中兴,孔门未应弃. 是以资雅才,涣然立新意. 衡山虽小邑,首唱恢大义. 因见县尹心,根源旧宫閟. 讲堂非曩搆,大屋加涂墍. 下可容百人,墙隅亦深邃. 何必三千徒,始压戎马气. 林木在庭户,密干叠苍翠. 有井朱夏时,辘轳冻阶戺. 耳闻读书声,杀伐灾髣髴. 故国延归望,衰颜减愁思. 南纪改波澜,西河共风味. 采诗倦跋涉,载笔尚可记. 高歌激宇宙,凡百慎失坠."
顧況,"君不見擔雪塞井空用力，炊砂作飯豈堪食。
一生肝膽向人盡，相識不如不相識。
冬青樹上挂凌霄，歲晏花凋樹不凋。
凡物各自有根本，種禾終不生荳苗。
行路難，行路難，何處是平道。
中心無事當富貴，今日看君顏色好。",行路难三首 一,ee096afe-357e-40fd-bc25-19361ea20a08,唐代,诗,,,,,"君不见担雪塞井空用力,炊砂作饭岂堪食. 一生肝胆向人尽,相识不如不相识. 冬青树上挂凌霄,岁晏花凋树不凋. 凡物各自有根本,种禾终不生荳苗. 行路难,行路难,何处是平道. 中心无事当富贵,今日看君颜色好."
傅翕,"衆生是佛祖，佛是衆生翁。
三寶不相離，菩提皆共同。
行路易，路易真無作。
持經不動口，坐禪終日臥。",行路易十五首 二,07f07083-25b9-46a9-8e0c-8e3867cc8854,唐代,诗,,,,,"众生是佛祖,佛是众生翁. 三宝不相离,菩提皆共同. 行路易,路易真无作. 持经不动口,坐禅终日卧."
鄭谷,"禾黍不陽豔，競栽桃李春。
翻令力耕者，半作賣花人。",感兴,9475130c-3a09-49e2-ac32-eaf4866227a6,唐代,诗,,,,,"禾黍不阳艳,竞栽桃李春. 翻令力耕者,半作卖花人."
李端,"不才先上第，詞客却空還。
邊地行人少，平蕪盡日閒。
一蟬陂樹裏，衆火隴雲間。
羨汝歸茅屋，書窗見遠山。",送衞雄下第归同州,f8abbcf9-6e8c-474c-a9e0-cdf19686d015,唐代,诗,,,,,"不才先上第,词客却空还. 边地行人少,平芜尽日闲. 一蝉陂树里,众火陇云间. 羡汝归茅屋,书窗见远山."
羅鄴,"舊國多將泉石親，西遊愛此拂行塵。
簾開山色離亭午，步入松香別島春。
誰肯暫安耕釣地，相逢謾歎路岐身。
歸期不及桃花水，江上何曾鱠雪鱗。",春日过寿安山馆,52a46df5-f913-4649-b9c1-d1c47ac5eb88,唐代,诗,,,,,"旧国多将泉石亲,西游爱此拂行尘. 帘开山色离亭午,步入松香别岛春. 谁肯暂安耕钓地,相逢谩叹路岐身. 归期不及桃花水,江上何曾鲙雪鳞."
馮伉,"撰日瞻景，誠陳樂張。
禮容秩秩，羽舞煌煌。
肅將滌濯，祗薦芬芳。
永錫繁祉，思深享嘗。",享文恭太子庙乐章二首 一,37800dd9-895c-4fcc-8bb6-3ce8f3437c21,唐代,诗,,,,,"撰日瞻景,诚陈乐张. 礼容秩秩,羽舞煌煌. 肃将涤濯,祗荐芬芳. 永锡繁祉,思深享尝."
白居易,"麗句勞相贈，佳期恨有違。
早知留酒待，悔不趁花歸。
春盡綠醅老，雨多紅萼稀。
今朝如一醉，猶得及芳菲。",荅韦八,4b14acee-b0cb-4d95-9f75-305e88d21837,唐代,诗,,,,,"丽句劳相赠,佳期恨有违. 早知留酒待,悔不趁花归. 春尽绿醅老,雨多红萼稀. 今朝如一醉,犹得及芳菲."
白居易,"戛玉敲冰聲未停，嫌雲不遏入青冥。
爭得黃金滿衫袖，一時拋與斷年聽。",听田顺儿歌,401c1e34-c0a2-4d90-968c-43d1daa325f4,唐代,诗,,,,,"戛玉敲冰声未停,嫌云不遏入青冥. 争得黄金满衫袖,一时抛与断年听."
赵孟坚,"一百二十年，两番甲子。
前番风霜饱谙矣。
今番甲子，一似腊尽春至。
程程有好在，应惭愧。
莫道官贫，胜如无底。
随分杯筵称家计。
从今数去，尚有五十八生朝里。
待儿官大，做奢遮会。",感皇恩,,宋代,词,,,感皇恩,,"一百二十年,两番甲子. 前番风霜饱谙矣. 今番甲子,一似腊尽春至. 程程有好在,应惭愧. 莫道官贫,胜如无底. 随分杯筵称家计. 从今数去,尚有五十八生朝里. 待儿官大,做奢遮会."
向,"瘦损东阳缘底事，离愁别恨难禁。
夜长谁共拥孤衾。
来时青鬓在，今已二毛侵。
流水青山依旧是，兰桡往事空寻。
一番风雨又春深。
桃花都落尽，赢得是清阴。",临江仙,,宋代,词,,,临江仙,,"瘦损东阳缘底事,离愁别恨难禁. 夜长谁共拥孤衾. 来时青鬓在,今已二毛侵. 流水青山依旧是,兰桡往事空寻. 一番风雨又春深. 桃花都落尽,赢得是清阴."
贺铸,"翠縠参差拂水风。
暖云如絮扑低空。
丽人波脸觉春融。
缨挂宝钗初促席，檀高微注玉杯红。
芳醪何似此情浓。",浣溪沙,,宋代,词,,,浣溪沙,,"翠縠参差拂水风. 暖云如絮扑低空. 丽人波脸觉春融. 缨挂宝钗初促席,檀高微注玉杯红. 芳醪何似此情浓."
吴潜,"秋凉佳月。
扫尽轻衫热。
便欲乘风归去，冰玉界、琼林阙。
不须持寸铁。
孤吟风措别。
且唱东坡水调，清露下、满襟雪。",霜天晓角,,宋代,词,,,霜天晓角,,"秋凉佳月. 扫尽轻衫热. 便欲乘风归去,冰玉界、琼林阙. 不须持寸铁. 孤吟风措别. 且唱东坡水调,清露下、满襟雪."
魏了翁,"岸容山意，随春好，人在春风独立。
立尽闲云来又去，目断一天红日。
岂不怀归，於焉信宿，此意无人识。
只看鬓发，丝丝都为人白。
风露正满人间，齁齁睡息，浑不知南北。
要上南山披荟蔚，谁是同心相觅。
天运无穷，事机难料，只有储才急。
愿公寿考，养成元祐人物。",念奴娇,,宋代,词,,,念奴娇,,"岸容山意,随春好,人在春风独立. 立尽闲云来又去,目断一天红日. 岂不怀归,于焉信宿,此意无人识. 只看鬓发,丝丝都为人白. 风露正满人间,齁齁睡息,浑不知南北. 要上南山披荟蔚,谁是同心相觅. 天运无穷,事机难料,只有储才急. 愿公寿考,养成元祐人物."
无名氏,"雪霏冰结霜凝，是谁透得春工意。
南枝向暖，江边岭上，独先众卉。
闲态幽姿，绿窗红蒂，粉英金蕊。
念冰肤秀骨，人间要见，除非是、真仙子。
羌管且休横吹。
待佳人、新妆初试。
鸾台晓鉴，人花相对，何须更比。
疏影横斜，暗香浮动，月低风细。
又岂知，渐结枝头翠玉，有和羹美。",鼓笛慢・水龙吟,,宋代,词,,,鼓笛慢・水龙吟,,"雪霏冰结霜凝,是谁透得春工意. 南枝向暖,江边岭上,独先众卉. 闲态幽姿,绿窗红蒂,粉英金蕊. 念冰肤秀骨,人间要见,除非是、真仙子. 羌管且休横吹. 待佳人、新妆初试. 鸾台晓鉴,人花相对,何须更比. 疏影横斜,暗香浮动,月低风细. 又岂知,渐结枝头翠玉,有和羹美."
苏轼,"千古风流阮步兵。
平生游宦爱东平。
千里远来还不住。
归去。
空留风韵照人清。
红粉尊前深懊恼。
休道。
怎生留得许多情。
记得明年花絮乱。
须看。
泛西湖是断肠声。",定风波,,宋代,词,['西湖'],,定风波,,千古风流阮步兵. 平生游宦爱东平. 千里远来还不住. 归去. 空留风韵照人清. 红粉尊前深懊恼. 休道. 怎生留得许多情. 记得明年花絮乱. 须看. 泛西湖是断肠声.
张炎,"几年槐市槐花冷，天风又还吹起。
故箧重寻，闲书再整，犹记灯窗滋味。
浑如梦里。
见说道如今，早催行李。
快买扁舟，第一桥边趁流水。
阳关须是醉酒，柳条休要折，争似攀桂。
旧有家声，荣看世美，方了平生英气。
琼林宴喜。
带雪絮归来，满庭春意。
事业方新，大鹏九万里。",台城路・齐天乐,,宋代,词,,,台城路・齐天乐,,"几年槐市槐花冷,天风又还吹起. 故箧重寻,闲书再整,犹记灯窗滋味. 浑如梦里. 见说道如今,早催行李. 快买扁舟,第一桥边趁流水. 阳关须是醉酒,柳条休要折,争似攀桂. 旧有家声,荣看世美,方了平生英气. 琼林宴喜. 带雪絮归来,满庭春意. 事业方新,大鹏九万里."
贺铸,"天与多情不自由。
占风流。
云闲草远絮悠悠。
唤春愁。
试作小妆窥晚镜，淡蛾羞。
夕阳独倚水边楼。
认归舟。",唤春愁・添声杨柳枝,,宋代,词,,,唤春愁・添声杨柳枝,,"天与多情不自由. 占风流. 云闲草远絮悠悠. 唤春愁. 试作小妆窥晚镜,淡蛾羞. 夕阳独倚水边楼. 认归舟."
王沂孙,"妾似春蚕抽缕。
君似筝弦移柱。
无语结同心，满地落花飞絮。
归去。
归去。
遥指乱云遮处。",如梦令,,宋代,词,,,如梦令,,"妾似春蚕抽缕. 君似筝弦移柱. 无语结同心,满地落花飞絮. 归去. 归去. 遥指乱云遮处."
辛弃疾,"身后功名，古来不换生前醉。
青鞋自喜。
不踏长安市。
竹外僧归，路指霜锺寺。
孤鸿起。
丹青手里。
剪破松江水。",点绛唇,,宋代,词,,,点绛唇,,"身后功名,古来不换生前醉. 青鞋自喜. 不踏长安市. 竹外僧归,路指霜锺寺. 孤鸿起. 丹青手里. 剪破松江水."
曾觌,"天语丁宁对未央。
少摅素志向荆襄。
烜赫家声今不坠。
英伟。
风姿飒爽紫髯郎。
别酒一杯君莫阻。
烛前粉艳俨成行。
领略大堤花好处。
无绪。
也应回首水云乡。",定风波,,宋代,词,,,定风波,,天语丁宁对未央. 少摅素志向荆襄. 烜赫家声今不坠. 英伟. 风姿飒爽紫髯郎. 别酒一杯君莫阻. 烛前粉艳俨成行. 领略大堤花好处. 无绪. 也应回首水云乡.
吴文英,"曲尘犹沁伤心水，歌蝉暗惊春换。
露藻清啼，烟萝澹碧，先结湖山秋怨。
波帘翠卷。
叹霞薄轻绡，泛人重见。
傍柳追凉，暂疏怀袖负纨扇。
南花清斗素靥，画船应不载，坡静诗卷。
泛酒芳筒，题名蠹壁，重集湘鸿江燕。
平芜未翦。
怕一夕西风，镜心红变。
望极愁生，暮天菱唱远。",齐天乐,,宋代,词,,,齐天乐,,"曲尘犹沁伤心水,歌蝉暗惊春换. 露藻清啼,烟萝澹碧,先结湖山秋怨. 波帘翠卷. 叹霞薄轻绡,泛人重见. 傍柳追凉,暂疏怀袖负纨扇. 南花清斗素靥,画船应不载,坡静诗卷. 泛酒芳筒,题名蠹壁,重集湘鸿江燕. 平芜未翦. 怕一夕西风,镜心红变. 望极愁生,暮天菱唱远."
陈瓘,"体上衣裳云作缕。
不论寒暑。
世间多少老婆禅，犹苦问、台山路。
堪笑庞翁无趣。
临行却住。
古人公案不须论，还了得、如今否。",一落索,,宋代,词,,,一落索,,"体上衣裳云作缕. 不论寒暑. 世间多少老婆禅,犹苦问、台山路. 堪笑庞翁无趣. 临行却住. 古人公案不须论,还了得、如今否."
吴潜,"一笑相携，且休管、兔升乌坠。
那更是，可人宾客，未饶崔李。
金叵罗中醽醁莹，玉玲珑畔歌珠缀。
望湖光、一片浸韶光，真双美。
云絮襞，能纤细。
云彩聚，能黏腻。
料出山归岫，等闲间尔。
碧沚风流人去后，石窗景物春深里。
算邯郸、客梦几惊残，炊犹未。",满江红,,宋代,词,,,满江红,,"一笑相携,且休管、兔升乌坠. 那更是,可人宾客,未饶崔李. 金叵罗中醽醁莹,玉玲珑畔歌珠缀. 望湖光、一片浸韶光,真双美. 云絮襞,能纤细. 云彩聚,能黏腻. 料出山归岫,等闲间尔. 碧沚风流人去后,石窗景物春深里. 算邯郸、客梦几惊残,炊犹未."
叶梦得,"前村夜半。
每为江梅肠欲断。
浅紫深红。
谁信漫天雪里逢。
醉头扶起。
宿酒阑干犹困倚。
便莫催残。
明日东风为扫看。",减字木兰花,,宋代,词,,,减字木兰花,,前村夜半. 每为江梅肠欲断. 浅紫深红. 谁信漫天雪里逢. 醉头扶起. 宿酒阑干犹困倚. 便莫催残. 明日东风为扫看.
朱敦儒,"翦胜迎春后，和风入律频催。
前回下叶飞霜处，红绽一枝梅。
正遇时调玉烛，须添酒满金杯。
寻芳伴侣休闲过，排日有花开。",乌夜啼,,宋代,词,,,乌夜啼,,"翦胜迎春后,和风入律频催. 前回下叶飞霜处,红绽一枝梅. 正遇时调玉烛,须添酒满金杯. 寻芳伴侣休闲过,排日有花开."
赵长卿,"新晴水暖藕花红。
烘人暑意晚来浓。
共携纤手桥东路，杨柳青青一径风。
深翠里，艳香中。
双莺初下蕊珠宫。
月笼粉面三更露，凉透萧萧一梦中。",鹧鸪天,,宋代,词,,,鹧鸪天,,"新晴水暖藕花红. 烘人暑意晚来浓. 共携纤手桥东路,杨柳青青一径风. 深翠里,艳香中. 双莺初下蕊珠宫. 月笼粉面三更露,凉透萧萧一梦中."
方千里,"倾国名妹，似晕雪匀酥，无限娇艳。
素质闲姿，天赋淡蛾丰脸。
还是睡起慵妆。
顾鬓影、翠云零乱。
怅平生、把鉴惊换。
依约琐窗逢见。
绣帏凝想鸳鸯荐。
画屏烘、兽烟葱蒨。
依红傍粉怜香玉，聊慰风流眼。
空叹倦客断肠，奈听彻、残更急点。
仗梦魂一到，花月底、休飘散。",玲珑四犯,,宋代,词,,,玲珑四犯,,"倾国名妹,似晕雪匀酥,无限娇艳. 素质闲姿,天赋淡蛾丰脸. 还是睡起慵妆. 顾鬓影、翠云零乱. 怅平生、把鉴惊换. 依约琐窗逢见. 绣帏凝想鸳鸯荐. 画屏烘、兽烟葱蒨. 依红傍粉怜香玉,聊慰风流眼. 空叹倦客断肠,奈听彻、残更急点. 仗梦魂一到,花月底、休飘散."
韩淲,"风软湖光远荡磨。
春衫初试薄香罗。
踏青无计奈君何。
莫笑老来多岁月，肯教闲去少诗歌。
长安陌上有铜驼。",浣溪沙,,宋代,词,,,浣溪沙,,"风软湖光远荡磨. 春衫初试薄香罗. 踏青无计奈君何. 莫笑老来多岁月,肯教闲去少诗歌. 长安陌上有铜驼."
刘埙,"津亭折柳，正秋光如画。
绕路黄花拥朝马。
叹市槐景淡，池藻波寒，分明是、三载春风难舍。
军峰天际碧，云隔空同，无奈相思月明夜。
薇药早催人，应占先春，休如我、醉卧水边林下。
待来岁、今时庆除书，绣锦映宫花，玉京随驾。",洞仙歌,,宋代,词,,,洞仙歌,,"津亭折柳,正秋光如画. 绕路黄花拥朝马. 叹市槐景淡,池藻波寒,分明是、三载春风难舍. 军峰天际碧,云隔空同,无奈相思月明夜. 薇药早催人,应占先春,休如我、醉卧水边林下. 待来岁、今时庆除书,绣锦映宫花,玉京随驾."
吳處厚,"是身如泡幻，盡非真實相。
况茲紙上影，妄外更生妄。
到岸不須船，無風休起浪。
唯當清靜觀，妙法了無象。",偈一首,f0c78b77-b612-45c0-97d5-db205e588f3f,宋代,诗,,,,,"是身如泡幻,尽非真实相. 况兹纸上影,妄外更生妄. 到岸不须船,无风休起浪. 唯当清静观,妙法了无象."
趙蕃,"楊柳迎霜敗，枇杷隔歲花。
柴桑今學隠，杜曲舊爲家。
北訊時聞鴈，南烹久厭蛙。
歸津隔吳越，隨地且桑麻。",冬日杂兴 其八,18319292-b130-4011-82af-23fa566565fd,宋代,诗,,,,,"杨柳迎霜败,枇杷隔岁花. 柴桑今学隠,杜曲旧为家. 北讯时闻鴈,南烹久厌蛙. 归津隔吴越,随地且桑麻."
韓駒,"公車八千言，自獻十二旒。
落筆中書罷，石渠並英游。
方欣洛陽遇，已慨周南留。
明堂多楩柟，詎須汝薪槱。
三年望龍斷，艱難身百憂。
鬢髪五分白，更落天南陬。",出宰分宁别旧同舍五首 其一,d5224fe4-2f13-4b11-ad7a-856871bb9995,宋代,诗,,,,,"公车八千言,自献十二旒. 落笔中书罢,石渠并英游. 方欣洛阳遇,已慨周南留. 明堂多楩柟,讵须汝薪槱. 三年望龙断,艰难身百忧. 鬓髪五分白,更落天南陬."
舒亶,氣味賢中好。,句 其一○,4f36abac-c30e-4a02-8d65-3e0aa70c0d2a,宋代,诗,,,,,气味贤中好.
項安世,"髯滕筆力萬鈞强，少日詩聲遠擅場。
身著青衫頭半白，腰懸銅印綬仍黄。
魚來俞市鮮無數，酒滿龍淵樂詎央。
若許爲氓仁政裏，一廛烟水受漁郎。",次韵送新潜江滕令 其一,63336c74-a54d-4331-b8e9-7b61d44dace7,宋代,诗,,,,,"髯滕笔力万钧强,少日诗声远擅场. 身著青衫头半白,腰悬铜印绶仍黄. 鱼来俞市鲜无数,酒满龙渊乐讵央. 若许为氓仁政里,一廛烟水受渔郎."
李洪,"世事悠悠豈盡，人生汲汲多端。
陶令欲歌歸去，貢公何事彈冠。",戏题 其一,9aba2569-af0f-4e63-81a3-dde9fd82a71b,宋代,诗,,,,,"世事悠悠岂尽,人生汲汲多端. 陶令欲歌归去,贡公何事弹冠."
林希逸,"中朝人物久無儔，何不容渠侍璪旒。
直疏勇干丹鳳闕，敕書去管鰐魚州。
名高北斗知相敵，吏問南宮莫苦留。
召節鼎來宜略住，郡貧民病待公瘳。",送方潮州,669762a5-d740-443b-8bec-6a41bea796a5,宋代,诗,,,,,"中朝人物久无俦,何不容渠侍璪旒. 直疏勇干丹凤阙,敕书去管鳄鱼州. 名高北斗知相敌,吏问南宫莫苦留. 召节鼎来宜略住,郡贫民病待公瘳."
張耒,"淮南苦寒不可度，積雪連山風倒樹。
長淮凍絕魚龍愁，哀鴻傍人飛不去。
雪中寒日無暖光，六龍瑟縮不肯驤。
老憊孤舟且復止，堅冰三尺厚於牆。",苦寒行二首 其一,6d35e292-02dd-42c5-85c9-cc49ccad0316,宋代,诗,,,,,"淮南苦寒不可度,积雪连山风倒树. 长淮冻绝鱼龙愁,哀鸿傍人飞不去. 雪中寒日无暖光,六龙瑟缩不肯骧. 老惫孤舟且复止,坚冰三尺厚于墙."
蘇轍,"東坡自作蒼蒼石，留取長松待伯時。
只有兩人嫌未足，更收前世杜陵詩。",子瞻与李公麟宣德共画翠石古木老僧谓之憩寂图题其后,d1fe252b-6c2f-41bd-bddf-33b5c7606fa7,宋代,诗,,,,,"东坡自作苍苍石,留取长松待伯时. 只有两人嫌未足,更收前世杜陵诗."
洪炎,"徑轉橋橫水，林深寺據山。
鐘魚告闃寂，松竹媚孱顔。
避地欣有託，依僧成暫閒。
東歸路不隔，片片隴雲還。",己酉岁十一月二十六日避寇至龙潭院十二月十五日作五首 其一,786a06d4-dffb-4853-a924-36a9002323ca,宋代,诗,,,,,"径转桥横水,林深寺据山. 钟鱼告阒寂,松竹媚孱颜. 避地欣有托,依僧成暂闲. 东归路不隔,片片陇云还."
張九成,"春來多病懶尋山，送客今朝漫出關。
楊柳江頭無限思，欲携樽酒煖衰顔。",三月六日出城,be469bd4-2f17-4345-8495-c19364423593,宋代,诗,,,,,"春来多病懒寻山,送客今朝漫出关. 杨柳江头无限思,欲携樽酒煖衰颜."
胡寅,"舂簸精粗期適口，老夫脫粟艱難久。
它山木臼纔百金，四市營求輒無有。
願惟仁者試咄嗟，要使赤脚治勝斗。
豈惟軟飯慰無牙，亦冀糠粞及雞狗。",求木硙于周尉,2a3b2499-d13a-4c85-9559-b5fd28f798fb,宋代,诗,,,,,"舂簸精粗期适口,老夫脱粟艰难久. 它山木臼才百金,四市营求辄无有. 愿惟仁者试咄嗟,要使赤脚治胜斗. 岂惟软饭慰无牙,亦冀糠粞及鸡狗."
李曾伯,"仙李明炫夜，夭桃艷當春。
便將花作主，聘與玉爲人。",自湘赴广道间杂咏 桃李,e3044896-981b-45d4-93d8-b4a0f144eb35,宋代,诗,,,,,"仙李明炫夜,夭桃艳当春. 便将花作主,聘与玉为人."
蘇軾,"太常齋未解，不肯對纖穠。
只遣三千履，來遊十二峰。
林空答清唱，潭浄寫衰容。
歸去瑶臺路，還應月下逢。",刘孝叔会虎丘时王规父斋素祈雨不至二首 其二,71bde201-8e97-4423-8fbb-a3b2314ed171,宋代,诗,,,,,"太常斋未解,不肯对纤秾. 只遣三千履,来游十二峰. 林空答清唱,潭浄写衰容. 归去瑶台路,还应月下逢."
葛勝仲,"待次吳陵邑，優哉閲歲年。
鳯池疏海角，鶠閣竦城顛。
蒔藥時分穎，栽花自溉泉。
新篇談笑就，寄自魯邦傅。",次韵大人待次吴陵邑五首 其二,c54b6984-afb4-4137-9b15-39ed461efde2,宋代,诗,,,,,"待次吴陵邑,优哉阅岁年. 鳯池疏海角,𬸘阁竦城颠. 莳药时分颖,栽花自溉泉. 新篇谈笑就,寄自鲁邦傅."
丘葵,"民病未蘇息，誰爲元道州。
爭趨熱翕翕，不念冷颼颼。
摧剝先蟲戶，差科及釣舟。
君門千萬里，欲往訴無由。",读元次山诗有感而作,8d3acb80-5b8d-4091-ae9b-7ff1a7cc8100,宋代,诗,,,,,"民病未苏息,谁为元道州. 争趋热翕翕,不念冷飕飕. 摧剥先虫户,差科及钓舟. 君门千万里,欲往诉无由."
葛紹體,"淡雲疎雨嫩凉天，老柏梢頭挂瘦猿。
仙殿崔嵬鐘磬響，紙錢灰起祭中元。",题天庆观,72ca9a7f-6ff4-4b47-befe-3d83061dd54b,宋代,诗,,,,,"淡云疎雨嫩凉天,老柏梢头挂瘦猿. 仙殿崔嵬钟磬响,纸钱灰起祭中元."
張釜,"水際空明月正圓，人行月裏水如天。
道旁聽得人爭指，半是當年折桂仙。",游山七绝 水月洞 其一,56d8af09-ab3f-4a5b-a56c-265e3886800f,宋代,诗,,,,,"水际空明月正圆,人行月里水如天. 道旁听得人争指,半是当年折桂仙."
王炎,"欲問故人歸未歸，江湖不見雁南飛。
青雲未上辭鄉國，白璧無因困褐衣。
客裏書來行李滯，江南春盡落花稀。
倚門望斷山川遠，我却疑君此策非。",和毅伯见寄,388e791e-0d9e-49b0-90f2-9e116bf26613,宋代,诗,,,,,"欲问故人归未归,江湖不见雁南飞. 青云未上辞乡国,白璧无因困褐衣. 客里书来行李滞,江南春尽落花稀. 倚门望断山川远,我却疑君此策非."
吳錫疇,"斜河炯炯雁飛飛，老却斯人天未知。
三逕秋光猶在菊，一年心事可無詩。
歲華迅似離弦箭，愁思多於盈杼絲。
寂寂空山明月裏，誰拈霜竹倚風吹。",次韵汪仁甫,078b9ae0-39e3-4233-8202-f17d04c256ea,宋代,诗,,,,,"斜河炯炯雁飞飞,老却斯人天未知. 三迳秋光犹在菊,一年心事可无诗. 岁华迅似离弦箭,愁思多于盈杼丝. 寂寂空山明月里,谁拈霜竹倚风吹."
鄧林,"中邊瑩徹似冰壺，空盡時情意氣殊。
已向銅龍梯要路，又隨玉馱駕征涂。
風生湓浦江流急，雲滿康廬夜月孤。
竭到東南無力了，一分寬處是規模。",送徐榷院奉户檄之九江等郡,9a29262f-dc19-4760-b9e0-5fdd29cc37f5,宋代,诗,,,,,"中边莹彻似冰壶,空尽时情意气殊. 已向铜龙梯要路,又随玉驮驾征涂. 风生湓浦江流急,云满康庐夜月孤. 竭到东南无力了,一分宽处是规模."
舒岳祥,"守著赬桐不爲香，翩如鳳子往來忙。
徘徊最愛真紅色，摇曳偏垂五彩裳。
寧號孟蟬隨鬢裊，莫爲鬼蝶幻身藏。
惜花却似詩人性，日舞中間夜宿房。",同正仲赋赪桐彩蝶,c3a03f69-b2db-4cea-b176-cef92b9ca847,宋代,诗,,,,,"守著赪桐不为香,翩如凤子往来忙. 徘徊最爱真红色,摇曳偏垂五彩裳. 宁号孟蝉随鬓袅,莫为鬼蝶幻身藏. 惜花却似诗人性,日舞中间夜宿房."
釋法薰,"松柏千年青，不入時人意。
牡丹一日紅，滿城公子醉。",偈颂六十八首 其六七,0e30ee3a-1211-4a0d-9a2c-efe5ae55e7b1,宋代,诗,,,,,"松柏千年青,不入时人意. 牡丹一日红,满城公子醉."
釋士珪,誰令眼界幽。,句 其三,2f3baa06-9418-43a3-9573-6f6195aeec57,宋代,诗,,,,,谁令眼界幽.
陸游,"列鼎賓筵盛，籠坊從騎都。
不如茅屋底，醉倒喚兒扶。",不如茅屋底四首 其四,7858044d-130f-40d7-a025-4a58d3aa1228,宋代,诗,,,,,"列鼎宾筵盛,笼坊从骑都. 不如茅屋底,醉倒唤儿扶."
劉敞,"三日風振海，中宵雪覆城。
已看秋落漠，更逼歲崢嶸。
原隰龍沙磧，樓臺白玉京。
知誰錯吹律，物物驟堪驚。",初雪,538ae772-f2ec-413d-8415-b6d635e28cdf,宋代,诗,,,,,"三日风振海,中宵雪覆城. 已看秋落漠,更逼岁峥嵘. 原隰龙沙碛,楼台白玉京. 知谁错吹律,物物骤堪惊."
李梃,"山原繚繞水縈紆，繡嶺屏風立座隅。
更上朝元最高處，饒君都看渭川圖。",题灵泉观,7da37595-a5c1-498d-a2f9-16c32d65408c,宋代,诗,,,,,"山原缭绕水萦纡,绣岭屏风立座隅. 更上朝元最高处,饶君都看渭川图."
范仲淹,"隴上带經人，金門齒諫臣。
雷霆日有犯，始可報君親。",出守桐庐道中十绝 其一,3699e19f-4bba-4f0f-b264-cea9111551ee,宋代,诗,,,,,"陇上带经人,金门齿谏臣. 雷霆日有犯,始可报君亲."
周麟之,"赫奕三公胄，高華百笏門。
義風傾里社，名德老丘園。
不起東山卧，空餘北海尊。
已隨飛劍逝，猶記刻舟痕。",致政大夫胡公挽诗五首 其一,eaeddb78-1d18-4056-8313-43548e530f82,宋代,诗,,,,,"赫奕三公胄,高华百笏门. 义风倾里社,名德老丘园. 不起东山卧,空余北海尊. 已随飞剑逝,犹记刻舟痕."
葉茵,"越敢吞吳皆范子，後來廟食太湖濱。
邦人豈是忘仇怨，要勉吳臣似越臣。",吴江三高祠 范蠡,f921b578-ec1c-4cdc-bf39-20b695a7f8c6,宋代,诗,['太湖'],,,,"越敢吞吴皆范子,后来庙食太湖滨. 邦人岂是忘仇怨,要勉吴臣似越臣."
梅堯臣,"向起風沙地，暫假烏榜還。
浩然起遠思，欲與魚鳥閒。
景目洗已清，詠句稱且慳。
時看秋空雲，雨意濃淡間。",登舟,9f9e2c7d-2bd5-4fda-bf31-7ab4928bb5a8,宋代,诗,,,,,"向起风沙地,暂假乌榜还. 浩然起远思,欲与鱼鸟闲. 景目洗已清,咏句称且悭. 时看秋空云,雨意浓淡间."
王庭珪,"夜聞催餉不成眠，遙望官壺眼欲穿。
醉倒田間真快樂，念無田者益堪憐。",次韵周希稷饷耕三绝句 其二,2569b642-a451-4a83-befe-0b56f756b82c,宋代,诗,,,,,"夜闻催饷不成眠,遥望官壶眼欲穿. 醉倒田间真快乐,念无田者益堪怜."
張侃,"夭桃倡杏羞蕋紅，東風未傳第二訊。
忽吹山頭雲擁墨，細聽簷牙雨成陣。
公堂閴寂春晝長，病夫兀坐湘竹牀。
童子添火深炷香，萬念不生兩相忘。",连日雨,35ae615f-5b52-427f-b57a-2ea99fa51add,宋代,诗,,,,,"夭桃倡杏羞蕋红,东风未传第二讯. 忽吹山头云拥墨,细听簷牙雨成阵. 公堂閴寂春昼长,病夫兀坐湘竹床. 童子添火深炷香,万念不生两相忘."
蔡槃,"棄盡人間事，西風掩竹門。
無人爭碧嶂，有鶴伴黄昏。
掃石移雲影，澆花潤月痕。
何須嘆牢落，知我有乾坤。",人间,8fc15783-3b79-43a9-9dd3-d6c0137da6a5,宋代,诗,,,,,"弃尽人间事,西风掩竹门. 无人争碧嶂,有鹤伴黄昏. 扫石移云影,浇花润月痕. 何须叹牢落,知我有乾坤."
孔平仲,"木摵摵兮若有聞，風回回兮吹塵。
神之來兮何暮，斗斜月落兮夜將向晨。
跪捧香兮謹以俟，久注目兮山雲。",常山四诗 迎神,b05d0a62-c356-4b53-8a36-71cd25ddc872,宋代,诗,,,,,"木摵摵兮若有闻,风回回兮吹尘. 神之来兮何暮,斗斜月落兮夜将向晨. 跪捧香兮谨以俟,久注目兮山云."
釋守卓,"四山相逼勢如奔，三鼠侵藤那久存。
莫倚少年輕白日，急須回首入空門。",勉初志,7ffef651-5280-4318-8f4f-fa7a1b614a2f,宋代,诗,,,,,"四山相逼势如奔,三鼠侵藤那久存. 莫倚少年轻白日,急须回首入空门."
葛立方,"低枝垂蕊逗疏陰，不學髯龍幹百尋。
此去江南知幾驛，只今誰動故人心。",次韵陈文仲探梅二绝 其二,ff19fd26-f3f5-41b0-a6a3-ba38d83c6759,宋代,诗,,,,,"低枝垂蕊逗疏阴,不学髯龙干百寻. 此去江南知几驿,只今谁动故人心."
陸游,"暮景苦多病，幽尋寄一欣。
溪喧常似雨，石潤易生雲。
天迥回鴉陣，林疏過鹿群。
莫談朝市事，吾老厭紛紛。",逰石帆玉笥石旗诸山,9d8789e8-23f4-484e-a532-1a166f418c21,宋代,诗,,,,,"暮景苦多病,幽寻寄一欣. 溪喧常似雨,石润易生云. 天迥回鸦阵,林疏过鹿群. 莫谈朝市事,吾老厌纷纷."
徐鹿卿,"聞名每恨不相識，相識梅關眼带青。
雪幹冰姿披宿霧，銀鈎玉唾麗繁星。
居隣山谷傳宗派，系出燕公有典刑。
陶寫風光吟咏了，更培勳業照青冥。",张法示诗集为题其后,e2312be5-c1f9-4087-8863-ad17191c1a7e,宋代,诗,,,,,"闻名每恨不相识,相识梅关眼带青. 雪干冰姿披宿雾,银钩玉唾丽繁星. 居隣山谷传宗派,系出燕公有典刑. 陶写风光吟咏了,更培勋业照青冥."
趙與闢,"甲年謝策志應酬，今日分符力已優。
好把丹心懸北闕，春風次第荷綸褒。",良坦姪再转福清县赠行,601b27ab-9d06-4035-9d71-707896f87647,宋代,诗,,,,,"甲年谢策志应酬,今日分符力已优. 好把丹心悬北阙,春风次第荷纶褒."
釋曉瑩,與君頻邂逅，此地久盤桓。,句 其四六,4de9eda8-eb5a-49e1-9584-cf877cc1649c,宋代,诗,,,,,"与君频邂逅,此地久盘桓."
虞儔,"春末牆頭梅偃蹇，歲寒窗外竹蕭疎。
廣文一味清貧耳，甑有懸塵釜長魚。",再和 其三,4b2f3be0-e9c1-4965-931d-1c31280d0c4b,宋代,诗,,,,,"春末墙头梅偃蹇,岁寒窗外竹萧疎. 广文一味清贫耳,甑有悬尘釜长鱼."
釋印肅,"方云福德多，多數尚誵訛。
法身超數量，菩提薩婆訶。",金刚随机无尽颂 法界通化分第十九 其二,0c25aa23-935e-44db-a5e1-fda7a0bd062a,宋代,诗,,,,,"方云福德多,多数尚誵讹. 法身超数量,菩提萨婆诃."
陳煥子弟,"碧落他年訪舊遊，摩挲蒼蘚又從頭。
懸崖縱有詩千首，直許蘇陳占上流。",碧落洞,8d6905fa-5b7c-477b-b334-6ccbbee72388,宋代,诗,,,,,"碧落他年访旧游,摩挲苍藓又从头. 悬崖纵有诗千首,直许苏陈占上流."
朱松,"堂前春日媚珍盤，穉子相群舞袖斑。
斗酒壽親逢一笑，不知身在市門間。",南浦五小诗迎劳二弟 其三,3773b4bd-d5cd-44ac-8972-7102a69846dc,宋代,诗,,,,,"堂前春日媚珍盘,穉子相群舞袖斑. 斗酒寿亲逢一笑,不知身在市门间."
葛勝仲,"羲和無停輪，年鬢日夜改。
惟有金蘭心，歲晚依然在。
頗憶四門舘，研席同諸生。
聫名理朱穆，結駟留陽城。
縞紵初定交，車裘容共敝。
駿馬馳春風，休沐章臺市。
年少未涉道，惟論場屋文。
鼻息拂霄漢，心期勇風雲。
春闈鎻儒仙，試席兩心競。
閬仙時乞靈，孤懿肯移病。
喜君先得桂，時我猶飄蓬。
鳯凰黄鵠歎，振手國門東。
離羣十周星，爲僚一都會。
涵牛鼎烹鷄，邑小非材配。
理縣不用譜，政如密與蒲。
糗水代厨傳，木索閒庭除。
肯憐冰子窮，夜凍午不粒。
綈袍累故人，口腹煩安邑。
更迂長者轍，来顧空宇中。
坐令羈官興，不復嘆秋風。",兖学叙旧呈子充,20c97cd3-4667-4150-a1e8-9581dcfbba74,宋代,诗,,,,,"羲和无停轮,年鬓日夜改. 惟有金兰心,岁晚依然在. 颇忆四门馆,研席同诸生. 聫名理朱穆,结驷留阳城. 缟纻初定交,车裘容共敝. 骏马驰春风,休沐章台市. 年少未涉道,惟论场屋文. 鼻息拂霄汉,心期勇风云. 春闱鎻儒仙,试席两心竞. 阆仙时乞灵,孤懿肯移病. 喜君先得桂,时我犹飘蓬. 鳯凰黄鹄叹,振手国门东. 离群十周星,为僚一都会. 涵牛鼎烹鸡,邑小非材配. 理县不用谱,政如密与蒲. 糗水代厨传,木索闲庭除. 肯怜冰子穷,夜冻午不粒. 绨袍累故人,口腹烦安邑. 更迂长者辙,来顾空宇中. 坐令羁官兴,不复叹秋风."
高似孫,"道是青神谷，元通白帝崖。
有松如壯士，其魄化嬰兒。
雲溼侵鴉嘴，天寒翦兔絲。
堯初香摘髓，秦後雪凝脂。
穴動龍蛇窘，山空鳥獸悲。
惟將千歲力，白了一生奇。",杨嗣勋惠茯苓,c55d7307-ed9f-41be-9899-f48900254605,宋代,诗,,,,,"道是青神谷,元通白帝崖. 有松如壮士,其魄化婴儿. 云湿侵鸦嘴,天寒翦兔丝. 尧初香摘髓,秦后雪凝脂. 穴动龙蛇窘,山空鸟兽悲. 惟将千岁力,白了一生奇."
王晞鴻,紅塵紫陌江聲外，綠嶂青嵐書几間。,句 其二,6094a3bb-cf7d-4fcf-ae43-97cc7ce92e1a,宋代,诗,,,,,"红尘紫陌江声外,绿嶂青岚书几间."
釋行鞏,"學海波瀾捲未乾，幾煩仙屐上林巒。
天香吹落秋風老，不覺相携到廣寒。",颂古十首 其七,7fceee59-f086-4cd3-9133-a41df0db30e1,宋代,诗,,,,,"学海波澜卷未干,几烦仙屐上林峦. 天香吹落秋风老,不觉相携到广寒."
劉宰,"薔薇籬落送春闌，笋葚園林早夏間。
牛背牧兒酣午夢，不知風雨過前山。",云边阻雨 其二,5853a20e-ff8d-4499-b3eb-901fa0012299,宋代,诗,,,,,"蔷薇篱落送春阑,笋葚园林早夏间. 牛背牧儿酣午梦,不知风雨过前山."
王之望,"浩蕩天花弄曉光，春風未轉忽芬芳。
人躋物外紅塵遠，境墮壺中白晝長。
風柳冷飄三月絮，寒梅幽寄一枝香。
朝來暴喜家風貴，圓璧方圭滿舍旁。",和李清卿雪,32d6e4f5-89c7-4fba-8c84-cfd9e2b40a82,宋代,诗,,,,,"浩荡天花弄晓光,春风未转忽芬芳. 人跻物外红尘远,境堕壶中白昼长. 风柳冷飘三月絮,寒梅幽寄一枝香. 朝来暴喜家风贵,圆璧方圭满舍旁."
方一夔,"淵明避俗士，出語未必俗。
衝口吐奇偉，往往寫心腹。
外韜中勁剛，芒刃不堪觸。
如渠不絃琴，非絲亦非木。
樂天後此翁，逸駕追奔躅。
未知溝中斷，孰與朱與綠。
吾觀外國風，雅麗豈不足。
自從受繩削，稗語棄不錄。
嗟彼千載人，何但詩可續。
誰能學柳下，不受嫠也宿。",读白乐天诗,3318bcee-37e9-4e00-8658-cc20f98e3234,宋代,诗,,,,,"渊明避俗士,出语未必俗. 冲口吐奇伟,往往写心腹. 外韬中劲刚,芒刃不堪触. 如渠不弦琴,非丝亦非木. 乐天后此翁,逸驾追奔躅. 未知沟中断,孰与朱与绿. 吾观外国风,雅丽岂不足. 自从受绳削,稗语弃不录. 嗟彼千载人,何但诗可续. 谁能学柳下,不受嫠也宿."
嚴粲,"種竹宜疎延夜月，澆花須早趁晨陰。
溪邊釣石勤時掃，恐有詩人來醉吟。",示园丁,8fc75b8e-aea0-46f7-ac83-fd2bd511dce8,宋代,诗,,,,,"种竹宜疎延夜月,浇花须早趁晨阴. 溪边钓石勤时扫,恐有诗人来醉吟."
劉筠,"百尺青樓大道邊，五陵遊騎驍翩翩。
不思夜魄過三五，祇問春醪賞十千。
密鎖香雲深處戶，亂飄梨雪晚來天。
愁眉豈待歌成慘，咫尺河陽信未傳。",洞户,b569a270-fde2-4b3a-b51a-cd21cb002362,宋代,诗,,,,,"百尺青楼大道边,五陵游骑骁翩翩. 不思夜魄过三五,祇问春醪赏十千. 密锁香云深处户,乱飘梨雪晚来天. 愁眉岂待歌成惨,咫尺河阳信未传."
吳芾,"人道樓前礙甕城，無多山色到簷楹。
那知皂蓋行春日，却與春風最有情。",东楼落成二绝 其二,6a336d76-cc44-4a81-82fd-f43aa2882265,宋代,诗,,,,,"人道楼前碍瓮城,无多山色到簷楹. 那知皂盖行春日,却与春风最有情."
呂本中,詩題：白公守蘇時劉夢得守杭（和）有歲暮贈劉詩三首因效其體寄齊州無咎二歌首句：過去生中作兄弟江南歲晚水風寒關河戰國東秦地。,存目,5e5d684c-13f8-4a4d-8075-aa0ca1de75c2,宋代,诗,,,,,诗题:白公守苏时刘梦得守杭(和)有岁暮赠刘诗三首因效其体寄齐州无咎二歌首句:过去生中作兄弟江南岁晚水风寒关河战国东秦地.
張耒,"繫纜寒沙傷客情，秋雲不動夜陰生。
蕭蕭兩岸黄榆葉，解報三更雨到聲。",宿第四铺,53a9a198-1083-4824-9f45-8bec7badc25c,宋代,诗,,,,,"系缆寒沙伤客情,秋云不动夜阴生. 萧萧两岸黄榆叶,解报三更雨到声."
劉接,興於東晉廢於陳。,句 其一,9be439ec-5258-46f5-b44f-545a8d532eac,宋代,诗,,,,,兴于东晋废于陈.
蘇軾,"栘中老監本虛名，懶作燕山萬里行。
坐看飛鴻迎使節，歸來駿馬換傾城。
高才本不緣勳閥，餘力還思治蜀兵。
西望雪山烽火盡，不妨樽酒寄平生。",次韵许冲元送成都高士敦钤辖,0f371598-73d9-4f4f-9bad-f7f2d3c18203,宋代,诗,,,,,"栘中老监本虚名,懒作燕山万里行. 坐看飞鸿迎使节,归来骏马换倾城. 高才本不缘勋阀,余力还思治蜀兵. 西望雪山烽火尽,不妨樽酒寄平生."
張耒,"青衫厭著待封侯，慷慨知君定遠流。
莫歎書生長齷齪，元戎曾與報更籌。",和房日严换武诗,a005310a-690d-4d79-a42f-d76d65213e34,宋代,诗,,,,,"青衫厌著待封侯,慷慨知君定远流. 莫叹书生长龌龊,元戎曾与报更筹."
蘇泂,"烏衣巷側長干寺，暇日閒來看一回。
未覺六朝興廢迹，凄涼先傍眼邊來。",金陵杂兴二百首 其九九,786b7880-9829-49e0-a39f-0628d3a63fd4,宋代,诗,,,,,"乌衣巷侧长干寺,暇日闲来看一回. 未觉六朝兴废迹,凄凉先傍眼边来."
王安石,"霜澤與天杳，旁臨無限情。
他時散髮處，最愛垂虹亭。
飄然平生遊，捨我戴吳星。
欲往獨不得，都門看揚舲。
到縣問疾苦，爲予求所經。
當知耕牧地，往往茭蒲青。
三江斷其二，洚水何由寧。
微子好古者，此歌尚誰聽。",送裴如晦宰吴江,7af15385-b64c-4aa1-849f-0f9df1fdf5f4,宋代,诗,,,,,"霜泽与天杳,旁临无限情. 他时散发处,最爱垂虹亭. 飘然平生游,舍我戴吴星. 欲往独不得,都门看扬舲. 到县问疾苦,为予求所经. 当知耕牧地,往往茭蒲青. 三江断其二,洚水何由宁. 微子好古者,此歌尚谁听."
趙蕃,"我本江湖一釣竿，直鈎不幸得魚難。
雖然尚有扁舟念，一到君齋作是觀。",徐君季纯常德教授廨中名一室曰如舟取东坡为宛丘诗而云也过之欲为赋诗意到辄书故不免杂出君居龙游故有盈川之句诗臞云者盖初未识而为簿公曾元之所言也凡五首 其二,5bec84d1-733f-4e2e-8f69-47f46696f3b9,宋代,诗,,,,,"我本江湖一钓竿,直钩不幸得鱼难. 虽然尚有扁舟念,一到君斋作是观."
方岳,"樹擎晚色柔枝碧，兔睡晴香老月寒。
自滴玉蜍秋滿袖，輕雲片片泊闌干。",梦中 其二,a261fdb0-4524-4088-9e2e-8e7731c3cd64,宋代,诗,,,,,"树擎晚色柔枝碧,兔睡晴香老月寒. 自滴玉蜍秋满袖,轻云片片泊阑干."
章甫,"登臨筋力猶如昨，興廢循環自有時。
青石獨存超士傳，粉牌新得省郎詩。
雲山改色風生座，野鹿無蹤水滿池。
勝處只宜文字飲，不須紅袖苦追隨。",苏训直方夷吾相挽同饭招隠,273ba6b6-0444-4b61-bbbc-2b442104beb9,宋代,诗,,,,,"登临筋力犹如昨,兴废循环自有时. 青石独存超士传,粉牌新得省郎诗. 云山改色风生座,野鹿无踪水满池. 胜处只宜文字饮,不须红袖苦追随."
張耒,"北風卷地寒侵骨，凍雪連山鳥不飛。
試問朱門餘酒肉，幾人迴首念無衣。",北风,49e70f86-377f-42d1-897c-de0492c84970,宋代,诗,,,,,"北风卷地寒侵骨,冻雪连山鸟不飞. 试问朱门余酒肉,几人回首念无衣."
釋居簡,"截流過了復隨流，七十二峯橫點頭。
拶到無錐無卓處，太湖空闊跨三州。",送明上人归洞庭,aa72b3fc-ca00-4d7c-b470-cb0492e1644a,宋代,诗,"['太湖', '洞庭湖']",,,,"截流过了复随流,七十二峰横点头. 拶到无锥无卓处,太湖空阔跨三州."
李流謙,"黄流衮衮蹴天來，截岸夷洲不可裁。
鳬鶩疆封遽如許，莫貪浩渺徑須回。",偶成 其三,cd297c27-6146-4ef0-98ed-705f34f532ee,宋代,诗,,,,,"黄流衮衮蹴天来,截岸夷洲不可裁. 凫鹜疆封遽如许,莫贪浩渺径须回."
王當,"門無車馬喧，逕有松菊陰。
前窗面清泚，後戶依嶔岑。
就使世俗工，猶足寫幽深。
況今令尹賢，洞照先哲心。
出處異軌轍，丘壑同胸襟。
予知淡筆墨，良似無弦琴。
先生如明月，瑩潔照古今。
形模或能寫，光彩詎可臨。
寥寥千古意，當向筆下尋。
人心去典午，朝柄歸卯金。
豈無康濟心，且賦歸來吟。
天生卓犖姿，豈是甘山林。
當今急英賢，四海待商霖。
勉哉就功名，枯槁不足欽。",德清宰俞居安自画渊明图,aef6044e-e521-48c2-85dc-40452cf64244,宋代,诗,,,,,"门无车马喧,迳有松菊阴. 前窗面清泚,后户依嵚岑. 就使世俗工,犹足写幽深. 况今令尹贤,洞照先哲心. 出处异轨辙,丘壑同胸襟. 予知淡笔墨,良似无弦琴. 先生如明月,莹洁照古今. 形模或能写,光彩讵可临. 寥寥千古意,当向笔下寻. 人心去典午,朝柄归卯金. 岂无康济心,且赋归来吟. 天生卓荦姿,岂是甘山林. 当今急英贤,四海待商霖. 勉哉就功名,枯槁不足钦."
釋宗演,"大藏教文爲切脚，鉢囉娘義最深幽。
孔門弟子無人識，碧眼胡僧暗點頭。",颂古十七首 其一六,e68e20fe-e9c0-4e60-82fc-ac1182cb446d,宋代,诗,,,,,"大藏教文为切脚,钵啰娘义最深幽. 孔门弟子无人识,碧眼胡僧暗点头."
李長庚,"說着幽巖意已清，那堪地近一牛鳴。
塵縈俗累不容到，若見山靈煩寄聲。",陈士淳主簿举似与严庆曾主簿邓伯允仙尉同到阳华佳句且有岩下弄琴舟中吹笛之乐长庚虽不奉胜游辄继高韵 其一,fdacfc6d-4e07-4dea-813d-4bdcda017aae,宋代,诗,,,,,"说着幽岩意已清,那堪地近一牛鸣. 尘萦俗累不容到,若见山灵烦寄声."
陳普,"羽未禽時膽屢寒，羽禽不得一朝閑。
卯金四百年天下，却在雙娥一笑間。",咏史 汉高帝 其六,3508f0eb-8fc6-46d5-b87f-23767bb28311,宋代,诗,,,,,"羽未禽时胆屡寒,羽禽不得一朝闲. 卯金四百年天下,却在双娥一笑间."
方岳,"三印誰分陽羨茶，自煎蜀井瀹瓊花。
數間明月玉川屋，兩腋清風銀漢槎。
團鳳烹來奴僕等，老龍畢竟當行家。
相思幾夢山陰雪，搜攪平生書五車。",赵龙学寄阳羡茶为汲蜀井对琼花烹之,52546774-6d7e-4702-b1a4-b83b47b47085,宋代,诗,,,,,"三印谁分阳羡茶,自煎蜀井瀹琼花. 数间明月玉川屋,两腋清风银汉槎. 团凤烹来奴仆等,老龙毕竟当行家. 相思几梦山阴雪,搜搅平生书五车."
王十朋,"大拽今重過，江山記我無。
雲開列嶂秀，石峙一峯孤。
吏卒送迎異，舟車來徃殊。
鴻留泥上迹，飛去到江湖。",过大拽,8436e2b1-d070-4381-808c-a34eba67b39b,宋代,诗,,,,,"大拽今重过,江山记我无. 云开列嶂秀,石峙一峰孤. 吏卒送迎异,舟车来徃殊. 鸿留泥上迹,飞去到江湖."
楊備,"端門擊破使人驚，潛鶴雙飛上玉清。
怪得舊時聲太遠，沖天合自九臯鳴。",潜鹤鼓,5fbc1003-4f0d-4c11-af95-3064aa379105,宋代,诗,,,,,"端门击破使人惊,潜鹤双飞上玉清. 怪得旧时声太远,冲天合自九臯鸣."
方一夔,"一去昭陽入朔臺，羈魂流落不歸來。
葬從胡地留妃骨，死向南方颺后灰。
鴉噪莫看耘墓迹，酒香誰把洒陵杯。
茫茫草地人稀到，風急棠梨落又開。",清明二首 其二,15fc8baf-44ce-45bb-80fa-2f363e215cf4,宋代,诗,,,,,"一去昭阳入朔台,羁魂流落不归来. 葬从胡地留妃骨,死向南方飏后灰. 鸦噪莫看耘墓迹,酒香谁把洒陵杯. 茫茫草地人稀到,风急棠梨落又开."
周弼,"石龜無語對東風，海鶴曾迷曉市中。
三十六鱗朝夜月，玉釵人在水晶宮。",女坟湖,edc0a225-0ed7-4403-b85c-d9fccaf68d94,宋代,诗,,,,,"石龟无语对东风,海鹤曾迷晓市中. 三十六鳞朝夜月,玉钗人在水晶宫."
李廌,"登山蓋有道，迂叟真名論。
不困在徐行，不跌由足穩。
斯言可銘佩，萬事爲節撙。
推之爲躬行，天下國家本。",上山,a469a863-85bd-415f-b8ac-4a94cb036648,宋代,诗,,,,,"登山盖有道,迂叟真名论. 不困在徐行,不跌由足稳. 斯言可铭佩,万事为节撙. 推之为躬行,天下国家本."
張耒,"江城落木已窮秋，病客初寒欲襲裘。
暗室飛蚊猶撲面，不知天上火西流。",秋蚊,f0c4a9ab-9cdb-4ac2-bf42-7612b8765e13,宋代,诗,,,,,"江城落木已穷秋,病客初寒欲袭裘. 暗室飞蚊犹扑面,不知天上火西流."
陳造,"白玉毬團青玉枝，幽芳不恨見春遲。
酴醾過後榴花未，管領風光更是誰。",新林小憩见花二首 其一,6f1c8a2c-d503-40b9-a4d7-3705128acf18,宋代,诗,,,,,"白玉毬团青玉枝,幽芳不恨见春迟. 酴醾过后榴花未,管领风光更是谁."
韋驤,"元宵鎖宿禮闈清，春意寒威兩戰争。
月照樓臺疑晝景，風傳車馬訝雷聲。
蹉跎自愧青雲志，勤苦須憐皓首生。
勿嘆拘攣度良夕，共開精鍳選經明。",和赵达夫元夕礼闱锁宿,bf7ffd00-72cf-4c7f-ab4f-6cbd8112547e,宋代,诗,,,,,"元宵锁宿礼闱清,春意寒威两战争. 月照楼台疑昼景,风传车马讶雷声. 蹉跎自愧青云志,勤苦须怜皓首生. 勿叹拘挛度良夕,共开精鍳选经明."
舒岳祥,"作詩意得在句先，下筆直寫意所到。
世間惟俗最難醫，剖石得玉加精巧。
初如面壁無所睹，一點圓明通萬竅。
楊生楊生聽我言，老語諄諄毋乃耄。
生平十九未可量，淘洗晶熒方入妙。
一再三見志愈堅，嘉子至意爲傾倒。",赠杨佳孙,aef1c9a3-8278-4fd5-bafe-888c398fce5f,宋代,诗,,,,,"作诗意得在句先,下笔直写意所到. 世间惟俗最难医,剖石得玉加精巧. 初如面壁无所睹,一点圆明通万窍. 杨生杨生听我言,老语谆谆毋乃耄. 生平十九未可量,淘洗晶荧方入妙. 一再三见志愈坚,嘉子至意为倾倒."
韓淲,"濡須誰築塢，玉兔王迷離。
兩歲能爲守，五言應報詩。
息峰延月夜，稔稻得秋時。
湖海驚零落，無癡了事兒。",次韵王教授同寄昌甫器远无为临漳 其四,d9b5d279-606a-4836-a072-96239b102be4,宋代,诗,,,,,"濡须谁筑坞,玉兔王迷离. 两岁能为守,五言应报诗. 息峰延月夜,稔稻得秋时. 湖海惊零落,无痴了事儿."
曹勛,"客路空過桃李春，塞塵濕遍馬蹄痕。
薺花如雪薹苗老，應有垂楊綠蔭門。",接伴书怀,5131176c-cf25-4e6f-b59a-86465d568e8a,宋代,诗,,,,,"客路空过桃李春,塞尘湿遍马蹄痕. 荠花如雪苔苗老,应有垂杨绿荫门."
紹興卜者,"金紫玉青世所稀，牡丹花下探天機。
仙遊秀水真消息，身傍御爐香滿衣。",题观音石壁,06b89609-31fa-4624-95b6-c6030e5dc9ed,宋代,诗,,,,,"金紫玉青世所稀,牡丹花下探天机. 仙游秀水真消息,身傍御炉香满衣."
鄒浩,"采石仙人放小舟，荆州老子上南樓。
平生風度歸遐想，今日還逢第一流。",世美约仲孺述之同泛清潩登楼待月分得楼字 其二,d44a94a8-57e7-4034-9947-28f6dc63c773,宋代,诗,,,,,"采石仙人放小舟,荆州老子上南楼. 平生风度归遐想,今日还逢第一流."
黄庭堅,"折得寒香不露機，小窗斜日兩三枝。
羅帷翠幕深調護，已被遊蜂聖得知。",次韵中玉早梅二首 其二,ea4482dc-f109-47a2-a2d0-82f6429abe17,宋代,诗,,,,,"折得寒香不露机,小窗斜日两三枝. 罗帷翠幕深调护,已被游蜂圣得知."
方回,"占易用九六，初爻變乾坤。
時當退且慎，復命歸厥根。
渾天日夜轉，中星異旦昏。
北辰儼不動，帝居華蓋尊。
於人是爲心，君子嚴操存。
肯受外物汩，澡擾摇精魂。
皇澤甦旱暵，時雨翻天盆。
敢不效微力，先後風雷奔。",次韵汪以南闲居漫吟十首 其七,38caa40a-0128-49fa-a454-52de0cb28de6,宋代,诗,,,,,"占易用九六,初爻变乾坤. 时当退且慎,复命归厥根. 浑天日夜转,中星异旦昏. 北辰俨不动,帝居华盖尊. 于人是为心,君子严操存. 肯受外物汩,澡扰摇精魂. 皇泽苏旱暵,时雨翻天盆. 敢不效微力,先后风雷奔."
周密,"倚柁西風順，舟行勢若趨。
山平初月蚤，市遠晚煙孤。
客況三秋葉，鄉心兩岸蘆。
歸期何日穩，趁得菊花無。",还自奉口,39045bd3-0ee8-4784-9875-e93c2d05f1e0,宋代,诗,,,,,"倚柁西风顺,舟行势若趋. 山平初月蚤,市远晚烟孤. 客况三秋叶,乡心两岸芦. 归期何日稳,趁得菊花无."
汪應辰,"斯道有張弛，如天有冬春。
雍容貴可久，促迫終難親。
槁枿久乃腐，流水汲逾新。
雖云不窺圃，乘馬復何人。",复次数语呈知止,9516fdb2-815b-4dc2-9dcf-f12335b9c3c2,宋代,诗,,,,,"斯道有张弛,如天有冬春. 雍容贵可久,促迫终难亲. 槁枿久乃腐,流水汲逾新. 虽云不窥圃,乘马复何人."
孔平仲,"江上今朝寒雨歇，翛然欲下陰山雪。
山巔朱鳳聲嗷嗷，白鵠翅垂眼流血。
老夫清晨梳白頭，杖藜徐步立芳洲。
使我殘年但飽喫，微軀此外更何求。",寄孙元忠 其二九,1ba3d42b-f813-4fab-a0d2-96838ce59b33,宋代,诗,,,,,"江上今朝寒雨歇,翛然欲下阴山雪. 山巅朱凤声嗷嗷,白鹄翅垂眼流血. 老夫清晨梳白头,杖藜徐步立芳洲. 使我残年但饱吃,微躯此外更何求."
陳造,"別乘修程驥騄馳，書來猶肯記衰遲。
每思膠漆班荆地，敢忘風波在莒時。",寄郢州崔守八首 其五,a3866822-8393-428a-8bde-024fe7356f2f,宋代,诗,,,,,"别乘修程骥𫘧驰,书来犹肯记衰迟. 每思胶漆班荆地,敢忘风波在莒时."
吳惟信,"休說登山與繞溪，林間曾見入簷低。
盡開花去渾如雪，忽有香來即是題。
九客不容同氣味，六宮回首隔雲泥。
策勳商鼎何愁晚，幽意分明在短藜。",雨中对梅寄何户曹 其二,b6814a87-95a2-4679-92a3-136eb6681e5c,宋代,诗,,,,,"休说登山与绕溪,林间曾见入簷低. 尽开花去浑如雪,忽有香来即是题. 九客不容同气味,六宫回首隔云泥. 策勋商鼎何愁晚,幽意分明在短藜."
張日損,"百里凄清古縣城，阮郎陶令自相應。
非無柳影含彭澤，別有花光勝武陵。
閑醉想同莎外石，冷吟知共夜深燈。
紅塵未得尋高興，心過青山第幾層。",寄天台王炼师兼呈邑宰,c3d28472-d6c7-43f6-8d7b-49a7f2bc5c83,宋代,诗,,,,,"百里凄清古县城,阮郎陶令自相应. 非无柳影含彭泽,别有花光胜武陵. 闲醉想同莎外石,冷吟知共夜深灯. 红尘未得寻高兴,心过青山第几层."
陳杰,"書來草木吾臭味，詩有膽氣非黄冠。
清溪研露一雙鶴，蘇門嘯空千仞鸞。
愁連青燐引觴醉，憤入白虹提劍看。
誰識道人心最苦，半壇霜月夜漫漫。",题点易窗道人苏门遗啸,c07e9d1a-6fd9-4d30-ba4d-e5d4b41816ea,宋代,诗,,,,,"书来草木吾臭味,诗有胆气非黄冠. 清溪研露一双鹤,苏门啸空千仞鸾. 愁连青燐引觞醉,愤入白虹提剑看. 谁识道人心最苦,半坛霜月夜漫漫."
韓淲,"不見睡翁恰六年，郭文山下正鳴弦。
欲求一句無因耳，且錄舊詩殊恍然。",余伯皋持巩仲至三山诗卷来因借录之 其一,5f08da0d-5393-41af-a59d-8427cde8cde2,宋代,诗,,,,,"不见睡翁恰六年,郭文山下正鸣弦. 欲求一句无因耳,且录旧诗殊恍然."
秦觀,"樓觀相複重，邈然閟深樾。
九龍吐清泠，㶁㶁曾未絕。
罌缶馳千里，真珠猶不滅。
況復從茶僊，茲焉試葵月。
岸巾塵想消，散策佳興發。
何以慰遨嬉，操觚繼前轍。",同子瞻赋游惠山三首 其三,55e5ae21-f7b6-4118-a6f3-445c0dfe4bc7,宋代,诗,,,,,"楼观相复重,邈然閟深樾. 九龙吐清泠,㶁㶁曾未绝. 罂缶驰千里,真珠犹不灭. 况复从茶僊,兹焉试葵月. 岸巾尘想消,散策佳兴发. 何以慰遨嬉,操觚继前辙."
呂陶,"巨盗盤根歲月深，交流戰血競浮沈。
一言便解蒼生禍，何事君恩薄賈林。",王武俊,ad575622-139d-404c-a339-9efcd959e2ee,宋代,诗,,,,,"巨盗盘根岁月深,交流战血竞浮沈. 一言便解苍生祸,何事君恩薄贾林."
李廌,"黄金照地晉將軍，劍履盈門萬石君。
獨以德名追遠裔，盡將富貴比浮雲。
璚田種藥期公壽，夜壑移舟忽夢分。
彷彿平生阻瞻覿，一詩三嘆漫殷勤。",表高氏石公之墓,cc45357b-623c-440a-ae81-d4402e1f3397,宋代,诗,,,,,"黄金照地晋将军,剑履盈门万石君. 独以德名追远裔,尽将富贵比浮云. 璚田种药期公寿,夜壑移舟忽梦分. 仿佛平生阻瞻觌,一诗三叹漫殷勤."
曹勛,"畫工作江梅，粉繪良自誇。
吾儕暈澹墨，一枝纔數花。
風情意自足，橫斜不可加。
須知自古來，畫家須詩家。",山居杂诗九十首 其三五,4f9fa116-98c1-42ff-88d9-d286620cb9b8,宋代,诗,,,,,"画工作江梅,粉绘良自夸. 吾侪晕澹墨,一枝才数花. 风情意自足,横斜不可加. 须知自古来,画家须诗家."
强至,"長安古名都，漢唐以來帝王宅。
當時高冠大带接迹公卿間，聲名大半文章伯。
能書萬變軼出意象外，那跼體法就常格。
傑詞精翰在處勒琬琰，從此關西富碑石。
咸陽原頭螭蟠龜負不知數，風雨皴剝塵土蝕。
荒郊壞宇大者卧榛莽，小者老祠佛廟往往龕屋壁。
憶初來長安，于此心頗溺。
朝披夕購自忘倦，一紙不吝百金易。
豈惟讀辭玩點畫，漢唐往事皆歷歷。
始者累一以至百，今既累百至千未免廣搜覓。
古人載書兼兩懼猜謗，今我車載不足更囊積。
中郎知我有碑癖，封寄數本跨數驛。
中郎中郎雖欲遂愚癖，愚也字學不進。
文格不長，翻愧嗜此苦無益。
雖然古人亦或有所嗜，又恐一朝捨此愚意無以適。
碑乎誓將蓄汝永吾好，不已聖猶賢博奕。",谢三门提举辇运宋叔达郎中寄古碑杂言,526b82cd-abcd-4f41-ace9-41fce5cf26f4,宋代,诗,,,,,"长安古名都,汉唐以来帝王宅. 当时高冠大带接迹公卿间,声名大半文章伯. 能书万变轶出意象外,那跼体法就常格. 杰词精翰在处勒琬琰,从此关西富碑石. 咸阳原头螭蟠龟负不知数,风雨皴剥尘土蚀. 荒郊坏宇大者卧榛莽,小者老祠佛庙往往龛屋壁. 忆初来长安,于此心颇溺. 朝披夕购自忘倦,一纸不吝百金易. 岂惟读辞玩点画,汉唐往事皆历历. 始者累一以至百,今既累百至千未免广搜觅. 古人载书兼两惧猜谤,今我车载不足更囊积. 中郎知我有碑癖,封寄数本跨数驿. 中郎中郎虽欲遂愚癖,愚也字学不进. 文格不长,翻愧嗜此苦无益. 虽然古人亦或有所嗜,又恐一朝舍此愚意无以适. 碑乎誓将蓄汝永吾好,不已圣犹贤博奕."
劉敞,"百草迎年茂，羣花逼夏零。
天工感寥落，春事出丁寧。
皓月彫寒魄，鮮風結暖馨。
彩霞融縹緲，甘露灑清泠。
照坐千枝燭，搖空九子鈴。
輕黄金綴縷，凝碧玉鐫缾。
爛漫輔鮫錦，褵褷聚鶴翎。
問名驚競秀，變態駭流形。
鍾美應成媪，儲芳或景星。
意真乘澹泊，氣淑倚娉娗。
浄影臨彫檻，疏音隔後庭。
瑤妃旦酣酒，玉女夜窺櫺。
時世妝濃澹，朝雲夢窈冥。
魂從攀處亂，醉任看餘酲。
禁籞曾迂幸，天歌獨仰聽。
一時矜絕出，衆卉謝晶熒。
正爾生成巧，由來造化靈。
屬詞勞比興，圖象費丹青。
雨重碧油幕，燈昏雲母屏。
謫仙才不世，激賞爲君聆。",和府公二十韵,71b64578-9e52-4c13-9f2c-32ec5ad038ae,宋代,诗,,,,,"百草迎年茂,群花逼夏零. 天工感寥落,春事出丁宁. 皓月雕寒魄,鲜风结暖馨. 彩霞融缥缈,甘露洒清泠. 照坐千枝烛,摇空九子铃. 轻黄金缀缕,凝碧玉镌缾. 烂漫辅鲛锦,褵褷聚鹤翎. 问名惊竞秀,变态骇流形. 钟美应成媪,储芳或景星. 意真乘澹泊,气淑倚娉娗. 浄影临雕槛,疏音隔后庭. 瑶妃旦酣酒,玉女夜窥櫺. 时世妆浓澹,朝云梦窈冥. 魂从攀处乱,醉任看余酲. 禁籞曾迂幸,天歌独仰听. 一时矜绝出,众卉谢晶荧. 正尔生成巧,由来造化灵. 属词劳比兴,图象费丹青. 雨重碧油幕,灯昏云母屏. 谪仙才不世,激赏为君聆."
俞德鄰,"事叢緣網密，意廣忌才疎。
浩浩皇風遠，遲遲化日舒。
俗移三紀後，德洽百年餘。
擿伏非仁政，生民本一初。",送刘伯宣尹松江府五首 其四,94e5846c-fe8a-43a0-b9eb-f25a75e42b60,宋代,诗,,,,,"事丛缘网密,意广忌才疎. 浩浩皇风远,迟迟化日舒. 俗移三纪后,德洽百年余. 擿伏非仁政,生民本一初."
彭汝礪,"身似水中木，險夷惟所遭。
不堪誇拙速，可復嘆賢勞。
雨脚三冬少，塵頭一丈高。
故鄉何處是，南望首重搔。",长垣路中 其二,db680fcb-12aa-4c64-a637-aa3d9c2ea891,宋代,诗,,,,,"身似水中木,险夷惟所遭. 不堪夸拙速,可复叹贤劳. 雨脚三冬少,尘头一丈高. 故乡何处是,南望首重搔."
釋正覺,"豁浄虛通入覺場，體前一段本來光。
孤禪恰恰如擔板，默照明明似面牆。
秋光蘆華兩岸雪，夜寒桂月一船霜。
迢迢象外行歸路，雁字低低正夕陽。",与观禅者,37766ac3-5a06-45f4-89e4-a0ae2ea7c53e,宋代,诗,,,,,"豁浄虚通入觉场,体前一段本来光. 孤禅恰恰如担板,默照明明似面墙. 秋光芦华两岸雪,夜寒桂月一船霜. 迢迢象外行归路,雁字低低正夕阳."
王令,"於忽乎，不可以爲，其又奚爲。
謂雞斯飛，誰得而覊。
謂豕斯突，何取於縛。
是皆以食而得之，吾方饑而噫。
雞兮豕兮，死以是兮。",于忽操 其三,d2bd65a5-0135-482f-a8dc-8065addb40f0,宋代,诗,,,,,"于忽乎,不可以为,其又奚为. 谓鸡斯飞,谁得而覊. 谓豕斯突,何取于缚. 是皆以食而得之,吾方饥而噫. 鸡兮豕兮,死以是兮."
鄭文寶,"百花深處小危樓，千步蒼苔到葉舟。
一夜楚江寒食雨，離人白盡未歸頭。",题松滋东禅院,94c35a5a-dbff-4fc8-94c3-03885a3b8545,宋代,诗,,,,,"百花深处小危楼,千步苍苔到叶舟. 一夜楚江寒食雨,离人白尽未归头."
晁補之,"去歲相携此地遊，西風垂果奉靈湫。
春工變化渾無跡，紅滿枝條綠滿洲。",复至凝祥池上,47b624c9-48f6-4945-bdda-c0a6deb2dcd4,宋代,诗,,,,,"去岁相携此地游,西风垂果奉灵湫. 春工变化浑无迹,红满枝条绿满洲."
晁說之,"征衣窮塞暮冬時，讀盡龍城太守詩。
若使生平詩盡在，濯纓無淚爲君垂。",行县途中读柳子厚诗,169f6af1-d707-4dd7-a2f0-f22e1f09549f,宋代,诗,,,,,"征衣穷塞暮冬时,读尽龙城太守诗. 若使生平诗尽在,濯缨无泪为君垂."
虞儔,"朝雨城南柳色新，溪光溶漾宛如銀。
地偏心遠開三徑，風引船回欠一巡。
二月欲來正月盡，三分已過一分春。
鶑啼燕舞非吾事，管領韶華自有人。",休日欲报谒林子长值雨不能前用小诗以谢不敏,b35fecb8-5db4-4896-84f2-7eea421d9b83,宋代,诗,,,,,"朝雨城南柳色新,溪光溶漾宛如银. 地偏心远开三径,风引船回欠一巡. 二月欲来正月尽,三分已过一分春. 鶑啼燕舞非吾事,管领韶华自有人."
陳造,"雪翎如扇十鈞弓，霹靂聲前玉斚空。
人似堵牆爭指似，少年場裏著衰翁。",漏泽院四绝句 其一,54e48520-09c7-475a-996d-fe1106eac256,宋代,诗,,,,,"雪翎如扇十钧弓,霹雳声前玉斚空. 人似堵墙争指似,少年场里著衰翁."
余瀚,"書堂高構歲寒巔，水秀山明隔市廛。
兩岸柳風吹道骨，一溪梧月浸心天。",自题岁寒堂,7f8e5dd5-5dc5-4df3-afa3-947081d262dc,宋代,诗,,,,,"书堂高构岁寒巅,水秀山明隔市廛. 两岸柳风吹道骨,一溪梧月浸心天."
李龏,"君爲丞處是吾鄉，門對煙霞竹繞牆。
于越城荒雲樹暗，代陽溪近水苔香。
的知左宦心應折，未必東歸鬢便蒼。
若過藏山山下寺，松楸憑與問凄凉。",寄余干郑丞,4e0a837b-f4fa-4471-a1f9-6a910aa33eba,宋代,诗,,,,,"君为丞处是吾乡,门对烟霞竹绕墙. 于越城荒云树暗,代阳溪近水苔香. 的知左宦心应折,未必东归鬓便苍. 若过藏山山下寺,松楸凭与问凄凉."
黄庚,江蘺滿意馨。,句 其一,e47434b7-98ac-4b04-a23b-cdc2c3bc4737,宋代,诗,,,,,江蓠满意馨.
朱敦儒,但能閉戶酌季雅，安用馭風尋伯昏。,句 其一○,d1e96fc5-3924-48bd-93c3-954d7c2f233e,宋代,诗,,,,,"但能闭户酌季雅,安用驭风寻伯昏."
余靖,"聞雞已行邁，策馬更徘徊。
月色依山盡，秋聲带雨來。
自堪悲玉璞，誰復築金臺。
薄宦空羈束，西齋長綠苔。",桂源早行,c3d7989e-2df6-408a-978f-dfa03e148f92,宋代,诗,,,,,"闻鸡已行迈,策马更徘徊. 月色依山尽,秋声带雨来. 自堪悲玉璞,谁复筑金台. 薄宦空羁束,西斋长绿苔."
汪莘,"簟紋如水浸蟾光，睡覺湖邊月半牀。
道是廣寒疑不是，月中那得藕花香。",夜兴,55b5e308-0db1-4683-8504-6c16b5c17bab,宋代,诗,,,,,"簟纹如水浸蟾光,睡觉湖边月半床. 道是广寒疑不是,月中那得藕花香."
王十朋,"結交雖不泛，絕物亦何曾。
莫問親踈客，過門無不應。",率饮亭二十绝 其一三,6684f5d2-a8ab-41e3-987d-4ff085dbf7cb,宋代,诗,,,,,"结交虽不泛,绝物亦何曾. 莫问亲踈客,过门无不应."
劉克莊,"平蕪盡處即滄溟，身寄區中等一萍。
種杞菊翁猶老健，插茱萸伴半凋零。
去年勅設塵飛鞚，今日村酤草塞瓶。
却笑癡人妄分別，何人未必勝劉伶。",别赋一首,26d3f710-7faf-42b8-82b8-26b4f3c6a983,宋代,诗,,,,,"平芜尽处即沧溟,身寄区中等一萍. 种杞菊翁犹老健,插茱萸伴半凋零. 去年勅设尘飞鞚,今日村酤草塞瓶. 却笑痴人妄分别,何人未必胜刘伶."
陸佃,"蒼仞千尋畫不如，信知韞玉勝懷珠。
一卷會使民瞻峻，三品何妨主眷殊。
看日謬煩鞭氣力，補天真待鍊工夫。
寄聲欲取黄金印，雨後還曾墮鵲無。",圆石,07cbee1a-4d21-4fc5-95cc-579bc29eebae,宋代,诗,,,,,"苍仞千寻画不如,信知韫玉胜怀珠. 一卷会使民瞻峻,三品何妨主眷殊. 看日谬烦鞭气力,补天真待炼工夫. 寄声欲取黄金印,雨后还曾堕鹊无."
嚴粲,"寒林色枯槁，粲粲籬菊鮮。
冷艷無俗韻，孤芳弄秋妍。
金晶與高絜，未覺陽和偏。
豈無兒女花，誰能制頹年。",菊,cd6e616c-f606-4769-9ce0-ca6a15a21826,宋代,诗,,,,,"寒林色枯槁,粲粲篱菊鲜. 冷艳无俗韵,孤芳弄秋妍. 金晶与高絜,未觉阳和偏. 岂无儿女花,谁能制颓年."
陸游,"梅花三十本，圍以疏竹籬。
入春甫十日，開遍南北枝。
少年輕節物，老大復苦衰。
坐見零落盡，一杯初未持。",春日杂题六首 其一,d3bf5bc0-7961-4ba4-a717-952ef6586489,宋代,诗,,,,,"梅花三十本,围以疏竹篱. 入春甫十日,开遍南北枝. 少年轻节物,老大复苦衰. 坐见零落尽,一杯初未持."
寇準,"星紀周天運，微陽氣候新。
郊原初度臘，梅柳暗驚春。
故國無書久，孤峰入夢頻。
年加自多感，況復送歸人。",早春,13deeb10-a8b7-42be-9fbb-e467ce697d86,宋代,诗,,,,,"星纪周天运,微阳气候新. 郊原初度腊,梅柳暗惊春. 故国无书久,孤峰入梦频. 年加自多感,况复送归人."
項安世,"一興一廢古今同，熊繹當年起霸功。
沿漢泝江開國步，牧臯規偃建王宮。
重來舊日嬉遊處，猶覺如今氣象雄。
想見得臣并鬭穀，治兵謀國震山東。",还过渚宫 其一,85e4b4dd-c914-4e6b-854c-9e80288066ca,宋代,诗,,,,,"一兴一废古今同,熊绎当年起霸功. 沿汉溯江开国步,牧臯规偃建王宫. 重来旧日嬉游处,犹觉如今气象雄. 想见得臣并鬭谷,治兵谋国震山东."
薛師石,"宰公詩句是騷人，官舍況臨湘水濱。
衡嶽望中思策蹇，滄浪清甚欲垂綸。
長於一縣花開後，獨訪三閭廟裏頻。
元亮何曾藉知己，翩然出處自由身。",送张直翁,8d880a60-3bbb-48a2-94f1-b7cf4d5ab56b,宋代,诗,,,,,"宰公诗句是骚人,官舍况临湘水滨. 衡岳望中思策蹇,沧浪清甚欲垂纶. 长于一县花开后,独访三闾庙里频. 元亮何曾藉知己,翩然出处自由身."
姚勉,"君有金斗盍自珍，持此量我非其人。
欲我覓印如蘇秦，我寧滿喫三斗塵。",赠金斗相士,f59a6b1b-6438-4da2-bf3a-17ae15f05644,宋代,诗,,,,,"君有金斗盍自珍,持此量我非其人. 欲我觅印如苏秦,我宁满吃三斗尘."
陳造,"方朔歲星仍客星，竊桃他日太狂生。
幾時又泛靈槎去，平掇天孫翠織成。",题史髯词卷二首 其一,f7822952-d317-430a-9610-94eda88feab3,宋代,诗,,,,,"方朔岁星仍客星,窃桃他日太狂生. 几时又泛灵槎去,平掇天孙翠织成."
裘萬頃,"老來方欲卧林泉，一躡紅塵只自憐。
已與山靈有成說，秋風歸騎急加鞭。",次李司直韵二首 其一,79f216a8-6ffa-4c0d-84a0-715e9b515c30,宋代,诗,,,,,"老来方欲卧林泉,一蹑红尘只自怜. 已与山灵有成说,秋风归骑急加鞭."
梅堯臣,"莫怪去遲遲，予心君亦知。
膝前嬌小女，眼底寧馨兒。
學語渠渠問，牽裳步步隨。
出門雖不遠，情愛未能移。",将赴表臣会呈杜挺之,8dc79d85-953c-4a75-bef1-67503370d501,宋代,诗,,,,,"莫怪去迟迟,予心君亦知. 膝前娇小女,眼底宁馨儿. 学语渠渠问,牵裳步步随. 出门虽不远,情爱未能移."
趙恒,"昔年曾此遠風塵，盤谷烟霞每見分。
萬里江河還壯觀，一時冠蓋屬元勳。
海鷗春暖眠沙草，遼鶴秋高度嶺雲。
今日重來倍惆悵，草堂應是勒移文。",游裴公亭 其一,c92225e0-23b9-4d23-81d2-640c0d136111,宋代,诗,,,,,"昔年曾此远风尘,盘谷烟霞每见分. 万里江河还壮观,一时冠盖属元勋. 海鸥春暖眠沙草,辽鹤秋高度岭云. 今日重来倍惆怅,草堂应是勒移文."
黄裳,"曉霜初甃瑶池薄，脫稻新炊玉粒香。
向我歲寒惟有菊，葛巾時爲醱醅忙。",冬后 其三,e595d262-3fac-4d30-bf9c-4b49f951fd3b,宋代,诗,,,,,"晓霜初甃瑶池薄,脱稻新炊玉粒香. 向我岁寒惟有菊,葛巾时为酦醅忙."
劉應時,"長驅决文陣，眇古百戰場。
朔風吹梅花，塞日淡無光。
一將功業成，千屯草木香。
高談靜寰宇，袖手歸巖廊。
纍纍腰下印，奕奕眉間黄。
霖雨四海心，鼎鼐衆口嘗。
園林多勝事，豈久居其旁。
縱令猿鶴怨，出處庸何傷。",投魏先辈二首 其一,2305b29b-67f8-4334-b548-cb7f17e6ea9a,宋代,诗,,,,,"长驱决文阵,眇古百战场. 朔风吹梅花,塞日淡无光. 一将功业成,千屯草木香. 高谈静寰宇,袖手归岩廊. 累累腰下印,奕奕眉间黄. 霖雨四海心,鼎鼐众口尝. 园林多胜事,岂久居其旁. 纵令猿鹤怨,出处庸何伤."
傅察,"舊國日已遠，東秦安在哉。
水雲波浩蕩，林日影摧頽。
野色撩詩興，秋風動旅懷。
繋舟還信步，不覺詠歸来。",思归,fb40e3f0-58a2-4852-8066-d4c66d3fa3e7,宋代,诗,,,,,"旧国日已远,东秦安在哉. 水云波浩荡,林日影摧颓. 野色撩诗兴,秋风动旅怀. 繋舟还信步,不觉咏归来."
胡斗南,"當年出塞幾紅娃，曾共氈房看雪花。
今日湖亭霜月夜，夢中猶聽撚琵琶。",题汪水云诗卷 其七,26574777-60a0-4c68-b573-32ba37af4395,宋代,诗,,,,,"当年出塞几红娃,曾共毡房看雪花. 今日湖亭霜月夜,梦中犹听撚琵琶."
趙文,"冰枝壓路不可行，健夫快斧聲丁丁。
南山未得過車道，北山復作發屋聲。
低枝叢薄亦可喜，但覺身過琉璃城。
山高路滑凜欲跌，拄杖頼有青童君。
平安度嶺笑相賀，榾柮快煖胭脂春。
夜投野店且熟睡，明日陰晴明日事。",别白水归大雪,21675f8a-2f5b-435e-9669-9965009c9a35,宋代,诗,,,,,"冰枝压路不可行,健夫快斧声丁丁. 南山未得过车道,北山复作发屋声. 低枝丛薄亦可喜,但觉身过琉璃城. 山高路滑凛欲跌,拄杖頼有青童君. 平安度岭笑相贺,榾柮快煖胭脂春. 夜投野店且熟睡,明日阴晴明日事."
許及之,"花葉自低昂，攀折人不捨。
偷實定短人，朔辯愧黄馬。",矮桃,7ca7f50f-bbc8-4800-ae52-47a3d961350a,宋代,诗,,,,,"花叶自低昂,攀折人不舍. 偷实定短人,朔辩愧黄马."
文同,"茫茫誦靈文，誰爲抉久瞽。
不能辨三一，豈復更知五。
方迷得真指，忽悟有奇睹。
自此日相親，赤龍交黑虎。",阎生谈黄庭,1512d2d5-3ecd-451f-9311-ef24731fd5c7,宋代,诗,,,,,"茫茫诵灵文,谁为抉久瞽. 不能辨三一,岂复更知五. 方迷得真指,忽悟有奇睹. 自此日相亲,赤龙交黑虎."
周必大,"中心爲忠，如心爲恕。
勉强行之，道其殆庶。
苟憎鬷蔑之貌惡，而廢一言于堂下。
則所謂唯之與阿，不能以寸而相去矣。",予平生愿学忠恕既以自勉亦告于人王牒正则闻而悦之归作唯斋九万里风斯下矣写衰容命之赞,70489092-b5d5-456c-b03b-b2796b086ebe,宋代,诗,,,,,"中心为忠,如心为恕. 勉强行之,道其殆庶. 苟憎鬷蔑之貌恶,而废一言于堂下. 则所谓唯之与阿,不能以寸而相去矣."
張堯同,"詩老追唐句，閒居築簡齋。
芙蓉寒浦外，紅落感秋懷。",嘉禾百咏 简斋,b52fe16b-2d14-43a4-8d1d-9cc6ec6543ff,宋代,诗,,,,,"诗老追唐句,闲居筑简斋. 芙蓉寒浦外,红落感秋怀."
楊備,"駕鶴驂鸞自古聞，策名僊籍是真君。
天邊舊跡無處尋，滿目青山空白雲。",白都山,19c08c45-99ca-4f62-adc3-a9c2f63a7f15,宋代,诗,,,,,"驾鹤骖鸾自古闻,策名僊籍是真君. 天边旧迹无处寻,满目青山空白云."
陸游,"船入蘆花日暮時，雙瞳炯炯鬢如絲。
世間豈少磻溪叟，老向烟波人不知。",渔翁二首 其一,bb3aded5-7002-4fc3-80cc-62d50d238596,宋代,诗,,,,,"船入芦花日暮时,双瞳炯炯鬓如丝. 世间岂少磻溪叟,老向烟波人不知."
王安石,"與客東來欲試茶，倦投松石坐欹斜。
暗香一陣連風起，知有薔薇澗底花。",同熊伯通自定林过悟真二首 其一,25496277-fba1-46df-95c2-8ff71257c38b,宋代,诗,,,,,"与客东来欲试茶,倦投松石坐欹斜. 暗香一阵连风起,知有蔷薇涧底花."
釋居簡,"仲夏初吉，有好消息。
露柱燈籠，參學事畢。
證據則任汝證據，鞭逼則任汝鞭逼。
當機覿面提，覿面當機疾。",偈颂一百三十三首 其一二六,cff9356b-bcdd-493f-b1f7-afa127434ade,宋代,诗,,,,,"仲夏初吉,有好消息. 露柱灯笼,参学事毕. 证据则任汝证据,鞭逼则任汝鞭逼. 当机觌面提,觌面当机疾."
張嵲,"翯然毛羽净，綽與秋風宜。
闊步循廣庭，伸吭矜羽儀。
稻粱謀幾何，終然遭縶羈。
豈衒雲外標，遂爲時所縻。
因知古清士，削迹畏人知。",咏鹤,bfe5ffaa-ca34-4792-a015-fb9b3bf94363,宋代,诗,,,,,"翯然毛羽净,绰与秋风宜. 阔步循广庭,伸吭矜羽仪. 稻粱谋几何,终然遭絷羁. 岂衒云外标,遂为时所縻. 因知古清士,削迹畏人知."
韓元吉,"騎曹公事日紛紛，荀令香爐欲罷薰。
冷雨定知還作雪，好山無奈只藏雲。
看花便覺名何用，勸酒誰能耳不聞。
歲晚官倉塵滿眼，只應清坐獨輸君。",雨中望灵山呈明远,ceed4e4e-308e-4596-a6ff-2a271ef222ce,宋代,诗,,,,,"骑曹公事日纷纷,荀令香炉欲罢薰. 冷雨定知还作雪,好山无奈只藏云. 看花便觉名何用,劝酒谁能耳不闻. 岁晚官仓尘满眼,只应清坐独输君."
王庭珪,"老泉仙翁騎列星，文采風流屬此甥。
鳳閣初傳舍人様，帝城新有能詩聲。
青萍出匣蛟兕吼，赤手捕蛇狐兔驚。
願扣洪鐘識音響，暮年聊欲聽鏗鍧。",寄程子山舍人,6b00441f-2207-4082-806e-8210b4e19749,宋代,诗,,,,,"老泉仙翁骑列星,文采风流属此甥. 凤阁初传舍人様,帝城新有能诗声. 青萍出匣蛟兕吼,赤手捕蛇狐兔惊. 愿扣洪钟识音响,暮年聊欲听铿鍧."
潘璵,"誰謂居廛身未清，在家心似出家僧。
銅壺慣買梅花插，相對無言悟小乘。",书兰莫德全壁,ec78ef34-40fb-4b66-8bb0-e8566fba2b18,宋代,诗,,,,,"谁谓居廛身未清,在家心似出家僧. 铜壶惯买梅花插,相对无言悟小乘."
趙崇嶓,"醉起西窗日欲斜，新煙初試雨前茶。
川原春意無聊頼，開盡桐花到柿花。",醉起,b11330ce-b119-4906-879d-b97463ac98fd,宋代,诗,,,,,"醉起西窗日欲斜,新烟初试雨前茶. 川原春意无聊頼,开尽桐花到柿花."
王同祖,"中使傳宣內裏來，輔臣拜飲九霞杯。
君王萬歲三邊靜，壽域先從塞北開。",观锡宴宣劝,d68d8308-c9ac-4370-b45b-ba7cbe404b40,宋代,诗,,,,,"中使传宣内里来,辅臣拜饮九霞杯. 君王万岁三边静,寿域先从塞北开."
陳杰,"與君生共一雌辰，枌社相違整十春。
肯爲江山輕萬里，不嫌風雨住兼旬。
携書又作鸚洲客，有弟能娛鶴髮親。
豈不勸君歸去好，回頭我自愧鱸蓴。",黄孟博辞往鄂渚赠别,4426315e-ae74-41d8-87e3-984f81574198,宋代,诗,,,,,"与君生共一雌辰,枌社相违整十春. 肯为江山轻万里,不嫌风雨住兼旬. 携书又作鹦洲客,有弟能娱鹤发亲. 岂不劝君归去好,回头我自愧鲈莼."
胡仲弓,"身似浮雲不定棲，倚欄覓句聽鴉啼。
洛陽紙價新來貴，吟得詩成就壁題。",次芸居无题韵,f21644b4-839c-4ca7-9f9e-578920ac40f3,宋代,诗,,,,,"身似浮云不定栖,倚栏觅句听鸦啼. 洛阳纸价新来贵,吟得诗成就壁题."
李彭,"沙鷗日日滿蘋汀，白髪忘機不復驚。
何處暮帆來浦口，背人飛带喚雛聲。",次韵九弟五绝句 其四,6bf3cc32-05ab-4a73-a6c6-ecaaddd920e8,宋代,诗,,,,,"沙鸥日日满苹汀,白髪忘机不复惊. 何处暮帆来浦口,背人飞带唤雏声."
楊萬里,"石子密鋪逕，竹莖疎作行。
不緣憩騶僕，幾失此山房。
佛像看都好，林花靜自香。
未須清興盡，歸更借僧床。",之永和小憩资寿寺,551cc08d-aa36-47e9-9a6f-00cd6df49c2d,宋代,诗,,,,,"石子密铺迳,竹茎疎作行. 不缘憩驺仆,几失此山房. 佛像看都好,林花静自香. 未须清兴尽,归更借僧床."
釋文珦,"四時之氣秋最清，千崖風骨方崢嶸。
石黛碧玉迭照映，喬松老柏森縱橫。
上有白雲可爲佩，下有寒泉堪濯纓。
樵夫仰視不敢上，鸞鶴日夜長和鳴。
若有人兮似冰雪，以斯崖兮擬高潔。
飲玄津兮餐玉屑，御清風兮朝帝闕。",为李少监赋秋崖歌,4027f653-1560-487d-9336-a57130c4aae6,宋代,诗,,,,,"四时之气秋最清,千崖风骨方峥嵘. 石黛碧玉迭照映,乔松老柏森纵横. 上有白云可为佩,下有寒泉堪濯缨. 樵夫仰视不敢上,鸾鹤日夜长和鸣. 若有人兮似冰雪,以斯崖兮拟高洁. 饮玄津兮餐玉屑,御清风兮朝帝阙."
釋居簡,"花滿秋城闖水明，鏡中滴露掌中零。
曾讎新詠游花下，寫寄城中石與丁。",忆水芙蓉木芙蓉寄西湖诸友 其二,5e693bc0-8d31-46fc-b4f3-4d13de09d5be,宋代,诗,['西湖'],,,,"花满秋城闯水明,镜中滴露掌中零. 曾雠新咏游花下,写寄城中石与丁."
喻汝礪,捫膝來爲普慈守，先生懸車在林藪。,句 其一,6e6b94fa-9c86-4599-bba9-a9edc342bec5,宋代,诗,,,,,"扪膝来为普慈守,先生悬车在林薮."
陸文圭,"門外青山寺，西行半里强。
童分泉茗潔，僧供飯蔬香。
地僻紅塵靜，心閑白日長。
少年餘氣習，棋酒愧疏狂。",四月八日偕张菊村邓匪石洪乐闲游城西诸寺以山高水长分韵得长字,757f5987-14ba-4a93-bdfa-f278aafad49b,宋代,诗,,,,,"门外青山寺,西行半里强. 童分泉茗洁,僧供饭蔬香. 地僻红尘静,心闲白日长. 少年余气习,棋酒愧疏狂."
俞紫芝,"萬壑摇蒼煙，百灘度流水。
下有騎馿人，蕭蕭吹凍耳。",松风,c70a277e-92bb-437e-bc06-64cd019cc461,宋代,诗,,,,,"万壑摇苍烟,百滩度流水. 下有骑馿人,萧萧吹冻耳."
鄭剛中,"故人官江濱，藹藹起清望。
因漂似木偶，千里遠相向。
窮達懷異趣，雅故恐遺忘。
暨我即門墻，公喜不可狀。
握手問辛苦，容我細伸吭。
凛然高義生，開懷出雲上。
銜恩在雙腮，圖報心愈諒。
歲暮天益寒，江湖足波浪。
篋中乃得詩，安流反門巷。",别茂直,3573b26a-92d1-4ea0-a6e7-2a834ae57fe0,宋代,诗,,,,,"故人官江滨,蔼蔼起清望. 因漂似木偶,千里远相向. 穷达怀异趣,雅故恐遗忘. 暨我即门墙,公喜不可状. 握手问辛苦,容我细伸吭. 凛然高义生,开怀出云上. 衔恩在双腮,图报心愈谅. 岁暮天益寒,江湖足波浪. 箧中乃得诗,安流反门巷."
劉敞,"宿雨墜高葉，薄雲麗朝陽。
園林澹澹秋，庭戶蕭蕭凉。
水淺魚怫鬱，荷深鷺低昂。
幽懷欣自得，佳賞契所望。
忽恐羣動作，深林沸蜩螗。",晓至池上,f344f2ce-21e9-4f99-b7c0-0620b3dee773,宋代,诗,,,,,"宿雨坠高叶,薄云丽朝阳. 园林澹澹秋,庭户萧萧凉. 水浅鱼怫郁,荷深鹭低昂. 幽怀欣自得,佳赏契所望. 忽恐群动作,深林沸蜩螗."
樓鑰,"襟袍空無礙，精神老不衰。
家傳司業學，句逼簡齋詩。
荒瘠留陰德，平反有去思。
功名賫志沒，回施稱家兒。",郑司法挽词 其一,f8ee7c7b-4878-40c0-ba71-3469afd2e399,宋代,诗,,,,,"襟袍空无碍,精神老不衰. 家传司业学,句逼简斋诗. 荒瘠留阴德,平反有去思. 功名赍志没,回施称家儿."
郭祥正,"春風冉冉送流年，一望雲霄一慘然。
帝閣輟才聞出使，漁蓑終老不成仙。
已甘荆棘填靈府，想見蛟龍走蜀牋。
正是水深波浪闊，忽逢高雁寄華篇。",谢发运颖叔宠寄新什,a8b9dac8-87ac-425b-b167-7f1b3fd365f2,宋代,诗,,,,,"春风冉冉送流年,一望云霄一惨然. 帝阁辍才闻出使,渔蓑终老不成仙. 已甘荆棘填灵府,想见蛟龙走蜀牋. 正是水深波浪阔,忽逢高雁寄华篇."
鄭獬,"雨洗秋空明似水，瓦光浮動碧差差。
好風晴日虛窗浄，正是幽人養病時。",秋晴,e6f2f5de-91a9-4430-b5d4-35b6204c7b26,宋代,诗,,,,,"雨洗秋空明似水,瓦光浮动碧差差. 好风晴日虚窗浄,正是幽人养病时."
歐陽修,"落日堤上行，獨歌携手曲。
却憶携手人，處處春華綠。",拟玉台体七首 携手曲,1eaec81e-f37f-4d41-9acf-d02690d35b6b,宋代,诗,,,,,"落日堤上行,独歌携手曲. 却忆携手人,处处春华绿."
劉琰,嗚呼諸將官日穹，豈知萬鬼號陰風。,句,3ac9358e-ee32-4f9e-9de0-327a56bad12c,宋代,诗,,,,,"呜呼诸将官日穹,岂知万鬼号阴风."
蘇泂,"花枝人面兩欣然，和氣晴光四接連。
親向官街聽輿誦，太平天子萬斯年。",十六日伏睹明堂礼成圣驾恭谢太一宫小臣敬成口号 其六,78dc3c16-ed14-4234-b8b5-d3d1d68b43d7,宋代,诗,,,,,"花枝人面两欣然,和气晴光四接连. 亲向官街听舆诵,太平天子万斯年."
王安中,"花底杯盤藉翠茵，折花圍坐當歌人。
謫仙自是開元客，玉帳熏香揖太真。",清明后一日出寻梨花先过城南资福僧舍修竹森然即赋小诗盛道爱竹之意客摘诗语病予曰君自有竹何来此为因作梨花解嘲盖予故秋至魏未尝见梨花盛时资福之句良率然也晚饮全福抵花下披取巨枝立植间坐欢甚径醉乃知吾家子猷直与竹同迷耳亦为作诗凡得三绝句 其三,96ed30a9-5fe9-4b5f-bed3-0714bcf6835d,宋代,诗,,,,,"花底杯盘藉翠茵,折花围坐当歌人. 谪仙自是开元客,玉帐熏香揖太真."
錢時,"想得瑞香花日多，水仙消息又如何。
籬邊尚有餘香不，蘭茁新芽長進麽。",寄家书有怀岁寒五友二首 其二,42bcd1ff-a1b6-4d4d-8df1-489691302d1d,宋代,诗,,,,,"想得瑞香花日多,水仙消息又如何. 篱边尚有余香不,兰茁新芽长进么."
李處權,"舟子厭牽挽，峻瀨凌風湍。
煙霏麗初日，水氣生早寒。
鹺物直六伯，始歎生理難。
一月不食肉，悽然對盤餐。
客程方浩渺，念此道里賖。
秋林傷客情，霜葉色勝花。
溪魚不論錢，我饑豈無涯。
何當見昇平，四海如一家。",将至兰陵道中以远岫重叠出寒花散漫开为韵 其六,b62eb132-d5d7-42e6-bdd9-a238a110c2d3,宋代,诗,,,,,"舟子厌牵挽,峻濑凌风湍. 烟霏丽初日,水气生早寒. 鹾物直六伯,始叹生理难. 一月不食肉,凄然对盘餐. 客程方浩渺,念此道里賖. 秋林伤客情,霜叶色胜花. 溪鱼不论钱,我饥岂无涯. 何当见升平,四海如一家."
釋慧遠,"今朝九月初一，敗葉凋零滿室。
鉢盂高挂懸崖，拄杖依前靠壁。
幾許斸山風月，且無遮箇消息。
諸祖不解提擲，久參那辨端的。
雲黯黯兮胡漢何分，風蕭蕭兮鼻孔突出。
自是捕盜無功，只管抱贓叫屈。
捉得也，捉得也，在什麽處。
晚風吹動小樓春，歸來一徑花狼藉。",偈颂一百零二首 其九,177661cc-5eda-489d-93a7-9f101de3a221,宋代,诗,,,,,"今朝九月初一,败叶凋零满室. 钵盂高挂悬崖,拄杖依前靠壁. 几许𣃁山风月,且无遮个消息. 诸祖不解提掷,久参那辨端的. 云黯黯兮胡汉何分,风萧萧兮鼻孔突出. 自是捕盗无功,只管抱赃叫屈. 捉得也,捉得也,在什么处. 晚风吹动小楼春,归来一径花狼藉."
黄文雷,"有煒遵彤管，無嫌各紫樞。
清心能敏悟，雅性謝驕舒。
奉誥期鸞彩，傳經囑鳳雛。
妙年仙格迅，琬琰不勝書。",挽程孺人,8708c54a-43f1-44de-bd96-800a98e9eeed,宋代,诗,,,,,"有炜遵彤管,无嫌各紫枢. 清心能敏悟,雅性谢骄舒. 奉诰期鸾彩,传经嘱凤雏. 妙年仙格迅,琬琰不胜书."
釋智圓,"分符江郡遠，貴列七人間。
文古淳風在，時清諫筆閑。
樓高喧暮角，廳冷鏁秋山。
聖代期調鼎，軒車即詔還。",上钱唐太守薛大谏,4f3055b9-6b15-409f-a53c-ac650287532c,宋代,诗,,,,,"分符江郡远,贵列七人间. 文古淳风在,时清谏笔闲. 楼高喧暮角,厅冷鏁秋山. 圣代期调鼎,轩车即诏还."
汪元量,"伯顔丞相呂將軍，收了江南不殺人。
昨日太皇請茶飯，滿朝朱紫盡降臣。",醉歌 其一○,6612b74e-f7be-469c-a2bf-8c043e9f8c63,宋代,诗,,,,,"伯颜丞相吕将军,收了江南不杀人. 昨日太皇请茶饭,满朝朱紫尽降臣."
司馬光,"雙雙春鷰颺雲霄，楚國宮深樂事饒。
會待急管繁絃際，試取纖條並舞腰。",柳枝词十三首 其六,5ba0774c-ca42-4c5a-9fd5-16b2c17b7d55,宋代,诗,,,,,"双双春鷰飏云霄,楚国宫深乐事饶. 会待急管繁弦际,试取纤条并舞腰."
范純仁,"牡丹開蜀圃，盈尺莫如今。
妍麗色殊衆，栽培功信深。
矜夸傳萬里，圖寫費千金。
難就朱欄賞，徒摇遠客心。",和范景仁蜀中寄牡丹图,d637dac4-766b-48cf-9509-d78f6a66a04b,宋代,诗,,,,,"牡丹开蜀圃,盈尺莫如今. 妍丽色殊众,栽培功信深. 矜夸传万里,图写费千金. 难就朱栏赏,徒摇远客心."
趙崇鉘,"神仙不可學，願學長不死。
學詩如學仙，吞霞潔塵滓。
渚花流水香，煙霏暮山紫。
凉颸入脩竹，一笑鳴綠綺。",学诗,e8faa370-51c6-4001-a060-1cf0c006348c,宋代,诗,,,,,"神仙不可学,愿学长不死. 学诗如学仙,吞霞洁尘滓. 渚花流水香,烟霏暮山紫. 凉飔入修竹,一笑鸣绿绮."
政和太學生,博陵公子真文虎，占斷儒官第二人。,句,a87c5d12-55ea-4779-b6d4-0864f451b03f,宋代,诗,,,,,"博陵公子真文虎,占断儒官第二人."
王邁,"出處行藏不偶然，何曾由我總由天。
收回紫陌紅塵足，來結青山綠水緣。
萬籟鳴時仍瀑布，數鴉起處忽林烟。
暮雲正爾商量雪，却被催詩雨插先。",山居即事,2dc4ccf3-b55c-40a4-9cb2-c209ac25c195,宋代,诗,,,,,"出处行藏不偶然,何曾由我总由天. 收回紫陌红尘足,来结青山绿水缘. 万籁鸣时仍瀑布,数鸦起处忽林烟. 暮云正尔商量雪,却被催诗雨插先."
趙蕃,"偃薄雖茲驛，相羊頼此亭。
鳥飛微破縠，魚動暗衝萍。
豈但憂懷愜，還能倦眼醒。
獨餘春草夢，才盡不能靈。",官池即事,2e56f0ae-4c11-4ce3-9131-70e109cabd2f,宋代,诗,,,,,"偃薄虽兹驿,相羊頼此亭. 鸟飞微破縠,鱼动暗冲萍. 岂但忧怀惬,还能倦眼醒. 独余春草梦,才尽不能灵."
陳普,"截髮哀號孽婦前，晉家無地亦無天。
當時阮籍丘中骨，擲向黄河尚带羶。",咏史 阮籍 其二,cfa9e345-e206-401b-b22f-4abc6160c350,宋代,诗,,,,,"截发哀号孽妇前,晋家无地亦无天. 当时阮籍丘中骨,掷向黄河尚带膻."
魏了翁,"不隨洛俗占燈影，不學荆人問紫姑。
賣得薪來卜油去，豐年還似去年無。",元夕卜油溪故事 其一,fd1a4bbe-9367-4238-aea4-93083c567f65,宋代,诗,,,,,"不随洛俗占灯影,不学荆人问紫姑. 卖得薪来卜油去,丰年还似去年无."
蔡沈,"我來靈巖遊，坐石披蒙葺。
翛然忘世紛，便欲脫屣從。
外峻懸絕磴，中寬峙高峰。
精廬三數間，歲久蒼苔封。
寒藤結暝色，秋花歛愁容。
哀猿發清聲，月影山重重。
扁舟暮江下，疎林聞夜鍾。",游灵岩分韵得从字,972f5828-22ef-4e28-a095-bbaf9db83424,宋代,诗,,,,,"我来灵岩游,坐石披蒙葺. 翛然忘世纷,便欲脱屣从. 外峻悬绝磴,中宽峙高峰. 精庐三数间,岁久苍苔封. 寒藤结暝色,秋花歛愁容. 哀猿发清声,月影山重重. 扁舟暮江下,疎林闻夜钟."
范仲淹,"梓人一笑白雲鄉，杞桂森森遇豫章。
聞道周公繩墨在，天庭誰此遇明堂。",杂咏四首 其一,c29de2fb-626a-4bc9-8b3f-51f92905edb8,宋代,诗,,,,,"梓人一笑白云乡,杞桂森森遇豫章. 闻道周公绳墨在,天庭谁此遇明堂."
翁森,"寂寞茆齋下，孤梅一蕊開。
無人知此意，日暮繞蒼苔。",屋头梅开一蕊,bd2df342-1470-4ea2-a844-a501a11b387e,宋代,诗,,,,,"寂寞茆斋下,孤梅一蕊开. 无人知此意,日暮绕苍苔."
趙蕃,"春來不雨即衝風，紙貴衝陽欠此工。
未問姚黄并魏紫，但思澗碧與山紅。
敲門惠我枉新作，展卷想君恰遶叢。
舊事與誰談洛下，倦遊聊爾話黔中。",次韵毕叔文牡丹,421155bc-78f2-4a1b-bd6b-ef07edaa8e12,宋代,诗,,,,,"春来不雨即冲风,纸贵冲阳欠此工. 未问姚黄并魏紫,但思涧碧与山红. 敲门惠我枉新作,展卷想君恰遶丛. 旧事与谁谈洛下,倦游聊尔话黔中."
陳希亮,"弱柳奇花遞間栽，紅芳綠翠對時開。
主人當日孤真賞，魂夢還應屢到來。",和范公希文怀庆朔堂,8c688196-5b5a-43ec-aa0b-a3c2c29b3f9c,宋代,诗,,,,,"弱柳奇花递间栽,红芳绿翠对时开. 主人当日孤真赏,魂梦还应屡到来."
王炎,"猛省香山及輞川，句中摹寫共流傳。
煩公檢點遺編看，二老元曾賦幾篇。",子大有游东山之约以诗相趣因次其韵 其四,13042394-e0eb-4ce8-9bfc-a15c8c1d41f8,宋代,诗,,,,,"猛省香山及辋川,句中摹写共流传. 烦公检点遗编看,二老元曾赋几篇."
曹勛,"客裏相逢樂可涯，坐來三見換年華。
喜君舞綵庭趨鯉，愧我驚鴻跡在沙。
白眼故應聊溷俗，青氈當亦謹傳家。
他時竚看趨三接，大對行應罄五車。",和人见寄,b8c76f67-5bb4-49d1-bb1e-bae27321172c,宋代,诗,,,,,"客里相逢乐可涯,坐来三见换年华. 喜君舞彩庭趋鲤,愧我惊鸿迹在沙. 白眼故应聊溷俗,青毡当亦谨传家. 他时𥩟看趋三接,大对行应罄五车."
辛棄疾,"空山鐘鼓梵王家，小立西風數過鴉。
秋色無多誰占斷，長廊西畔佛桑花。",郡斋怀隠庵 其二,9ee7a5ee-0289-4235-9df3-4d854eacb733,宋代,诗,,,,,"空山钟鼓梵王家,小立西风数过鸦. 秋色无多谁占断,长廊西畔佛桑花."
范成大,"憶曾把酒泛湘灕，末利毬邊擘荔枝。
一笑相逢雙玉樹，花香如夢鬢如絲。",再赋末利二绝 其二,eb386fc7-2af6-4f82-812c-5d9e032417b5,宋代,诗,,,,,"忆曾把酒泛湘漓,末利毬边擘荔枝. 一笑相逢双玉树,花香如梦鬓如丝."
徐積,"報漫翁，無錢可沽酒。
青衫典不得，黄卷賣不售。
借問公田中，秫米種幾斗。
休管將來旱與水，莫爲妻兒種粳米。
兄來留下二萬錢，送與酒家主人未。
不然何計見春風，空將花插白頭翁。
簿書營營幾時了，何如載酒訪揚雄。",答范君锡 其二,5814bee1-c58b-4d25-8073-c1b9e052fb30,宋代,诗,,,,,"报漫翁,无钱可沽酒. 青衫典不得,黄卷卖不售. 借问公田中,秫米种几斗. 休管将来旱与水,莫为妻儿种粳米. 兄来留下二万钱,送与酒家主人未. 不然何计见春风,空将花插白头翁. 簿书营营几时了,何如载酒访扬雄."
釋正覺,"無事題取一首，我儂不落他人後。
略略綽綽思大口，醇醇釅釅白家酒。
醉中猶道未沾唇，被人問著還打手。
不打手，三年一閏，冬後數九。",偈颂二百零五首 其五七,8290e2e2-104f-4622-ad1c-28acef305d0e,宋代,诗,,,,,"无事题取一首,我侬不落他人后. 略略绰绰思大口,醇醇酽酽白家酒. 醉中犹道未沾唇,被人问著还打手. 不打手,三年一闰,冬后数九."
錢時,"生平忠膽上摩天，兩鬢如絲山水緣。
欲向翠微窮望眼，淮山無數鎖春烟。",二月望游齐山呈仓使二首 其一,d7aae81f-ace8-4baa-abab-9ef14289a3c1,宋代,诗,,,,,"生平忠胆上摩天,两鬓如丝山水缘. 欲向翠微穷望眼,淮山无数锁春烟."
王庭珪,"遶亭春水縠紋生，拍岸風微鏡面平。
日破浪花摇柱礎，影浮山翠落簷楹。
魚跳蓮葉東西動，月湧金盆表裏明。
夜久光凝收綠净，冷涵星漢逼人清。",波光亭,60a229e2-f889-4873-8298-c83acd6a31aa,宋代,诗,,,,,"遶亭春水縠纹生,拍岸风微镜面平. 日破浪花摇柱础,影浮山翠落簷楹. 鱼跳莲叶东西动,月涌金盆表里明. 夜久光凝收绿净,冷涵星汉逼人清."
方回,"南華六祖老盧能，宇宙千燈復萬燈。
佛法平生吾不信，神交一二老詩僧。",立夏五首 其五,153c2398-c54b-4f45-b3f0-dc31f6844153,宋代,诗,,,,,"南华六祖老卢能,宇宙千灯复万灯. 佛法平生吾不信,神交一二老诗僧."
劉應時,"愁裏青春去，年來白髮加。
細書欺老眼，爛飯愜衰牙。
寧夢穴中蟻，不疑杯裏蛇。
南窗時隠几，一縷篆煙斜。",春暮,6319b5f5-30ef-46de-8599-e789a5c5b04d,宋代,诗,,,,,"愁里青春去,年来白发加. 细书欺老眼,烂饭惬衰牙. 宁梦穴中蚁,不疑杯里蛇. 南窗时隠几,一缕篆烟斜."
彭汝礪,"交情淡薄愛天真，親寄韶容到窶貧。
便乞諸公城壁飲，風前同醉一枝春。",谢德华惠牡丹因招同官会饮,a0c26dce-f25f-42e6-8eaf-301745bd7338,宋代,诗,,,,,"交情淡薄爱天真,亲寄韶容到窭贫. 便乞诸公城壁饮,风前同醉一枝春."
朱熹,"幾月高堂闕問安，歸塗不管上天難。
誦君兩疊思親句，也信從來取友端。",次韵择之铅山道中二首 其一,e52b248b-6650-4be2-9b5f-b803866f8922,宋代,诗,,,,,"几月高堂阙问安,归涂不管上天难. 诵君两叠思亲句,也信从来取友端."
韓淲,"雲林起清霜，山寒紅日吹。
城郭催租日，田家穫稻時。
仲尼雖少賤，李廣漫多奇。
好事能相覓，茅簷曝晴曦。",十月旦日过云林,833c6149-94b0-479a-873a-0e78e758e1ea,宋代,诗,,,,,"云林起清霜,山寒红日吹. 城郭催租日,田家获稻时. 仲尼虽少贱,李广漫多奇. 好事能相觅,茅簷曝晴曦."
仇遠,"新梢霧如沐，斷節霜不枯。
西窗夕陽下，此君何可無。",题赵希贤所藏墨竹 其二,95d4a645-7073-4a43-af73-89fa2b4040d9,宋代,诗,,,,,"新梢雾如沐,断节霜不枯. 西窗夕阳下,此君何可无."
陸游,"治道巍巍本易成，狂言安得略施行。
太平事業人皆見，不計封倫死與生。",醉中信笔作四绝句既成惧观者不知野人本心也复作一绝 其五,87025692-dc0a-46f7-a337-d28ad54c199d,宋代,诗,,,,,"治道巍巍本易成,狂言安得略施行. 太平事业人皆见,不计封伦死与生."
蘇轍,"我遷海康，實編于民。
少而躬耕，老復其真。
乘流得坎，不問所因。
願以所知，施及斯人。",和子瞻次韵陶渊明劝农诗 其一,4e29a22f-f1d9-4497-b80a-c9197a4393ad,宋代,诗,,,,,"我迁海康,实编于民. 少而躬耕,老复其真. 乘流得坎,不问所因. 愿以所知,施及斯人."
陸游,"善泅不如穩乘舟，善騎不如謹持轡。
妙於服食不如寡欲，工於揣摩不如省事。
在天有命誰得逃，在我無求直差易。
散人家風脫糾纏，烟蓑雨笠全其天。
蒓絲老盡歸不得，但坐長饑須俸錢。
此身不堪阿堵役，寜待秋風始投檄。
山林聊復取熊掌，仕宦真當棄雞肋。
錦城小憩不淹遲，即是輕舠下硤時。
那用更爲麟閣夢，從今正有鹿門期。",思归引,f5864887-00d2-42fd-aa3c-2e1615ec37f9,宋代,诗,,,,,"善泅不如稳乘舟,善骑不如谨持辔. 妙于服食不如寡欲,工于揣摩不如省事. 在天有命谁得逃,在我无求直差易. 散人家风脱纠缠,烟蓑雨笠全其天. 莼丝老尽归不得,但坐长饥须俸钱. 此身不堪阿堵役,寜待秋风始投檄. 山林聊复取熊掌,仕宦真当弃鸡肋. 锦城小憩不淹迟,即是轻舠下硖时. 那用更为麟阁梦,从今正有鹿门期."
釋正覺,"靈雲悟桃華，玄沙旁不肯。
昭昭然此心分明，隱隱也放身未穩。
放得穩，八兩元來是半斤，鈎頭秤尾能平等。",偈颂二百零五首 其二○三,0683b57b-b38a-4d8e-823a-eec5e7172d9f,宋代,诗,,,,,"灵云悟桃华,玄沙旁不肯. 昭昭然此心分明,隐隐也放身未稳. 放得稳,八两元来是半斤,钩头秤尾能平等."
楊傑,"珠圎而明，玉澤而温。
鑑瑩澈而絕塵，芝秀發而非根。
曼殊沙華，栴檀香芬。
晦堂路險，大開施門。
西江水深，一口平吞。
誰知威音已前，正是王老師孫。",都尉王居士赞,d16fe8fb-c9bb-431c-bfc6-f3a14e4c7b7b,宋代,诗,['长江'],,,,"珠圎而明,玉泽而温. 鉴莹澈而绝尘,芝秀发而非根. 曼殊沙华,栴檀香芬. 晦堂路险,大开施门. 西江水深,一口平吞. 谁知威音已前,正是王老师孙."
趙師秀,一瓶茶外無祗待，同上西樓看晚山。,句 其七,89312b97-43b9-4dfb-86b4-032d4132a0bb,宋代,诗,,,,,"一瓶茶外无祗待,同上西楼看晚山."
樓鑰,"玉映清心著壼彜，閨房賓敬到齊眉。
豈惟山水協高趣，更爲國家生好兒。
萬口共推諸福備，八旬猶負一年期。
伯仁冬日應腸斷，不見堂前舉酒時。",太硕人潘氏挽词,b230bbb7-7bc5-41fb-bc5a-7a6b9a337546,宋代,诗,,,,,"玉映清心著壸彜,闺房宾敬到齐眉. 岂惟山水协高趣,更为国家生好儿. 万口共推诸福备,八旬犹负一年期. 伯仁冬日应肠断,不见堂前举酒时."
黄庚,"自憐身是客，又送客登舟。
雖有重來約，難禁一別愁。
風烟迷柳驛，草樹暗春洲。
後夜懷人處，山空月滿樓。",送别胡汲古,1ea0dedc-c9f2-427d-bcab-9437e1c73866,宋代,诗,,,,,"自怜身是客,又送客登舟. 虽有重来约,难禁一别愁. 风烟迷柳驿,草树暗春洲. 后夜怀人处,山空月满楼."
陳著,"我生一斷梗，會見親舊疏。
新詩如春風，習習勤噓枯。
謝君和君詩，句甚形神癯。
一笑當會此，各道意所如。",次韵戴成叔 其一○,e210215d-01e2-4c18-8949-0c73cf2dedfb,宋代,诗,,,,,"我生一断梗,会见亲旧疏. 新诗如春风,习习勤嘘枯. 谢君和君诗,句甚形神癯. 一笑当会此,各道意所如."
釋德洪,"折脚鐺尋穩處安，對君此夕久盟寒。
狐裘不合須羊袖，藥簏何妨缺夜干。
秋壟此時驅健犢，道山何日跨歸鸞。
仙鑪只隔數邱耳，上水船方厄瀨湍。",器之示巽中见怀次韵,e3c49ec5-56fc-4522-8639-cbd92b82990d,宋代,诗,,,,,"折脚铛寻稳处安,对君此夕久盟寒. 狐裘不合须羊袖,药簏何妨缺夜干. 秋垄此时驱健犊,道山何日跨归鸾. 仙𬬻只隔数邱耳,上水船方厄濑湍."
王安石,"聞有名花即謾栽，慇懃準擬故人來。
故人歲歲相逢晚，知復同看幾度開。",耿天骘许浪山千叶梅见寄,e57d3757-cca3-4e6e-acbb-56825c418187,宋代,诗,,,,,"闻有名花即谩栽,慇懃准拟故人来. 故人岁岁相逢晚,知复同看几度开."
朱翌,"結芻續體祭中丞，鬼質何爲苦見嗔。
千五百年如烈日，二十四州惟一人。
朝衣視坎趨前死，羽服行山即此身。
頼有區區張孝舉，直言驚倒漢廷臣。",颜鲁公画像,f5f42bb9-225a-40c1-a16d-c6c5007c58d8,宋代,诗,,,,,"结刍续体祭中丞,鬼质何为苦见嗔. 千五百年如烈日,二十四州惟一人. 朝衣视坎趋前死,羽服行山即此身. 頼有区区张孝举,直言惊倒汉廷臣."
李復,"坐憶金臺別，于今十四年。
新恩乘五馬，北首渡三川。
縣急均鹺戶，邊停助餉錢。
晉民衣食薄，移柱聽調絃。",答分守魏大夫,d59da380-2e41-4d51-a713-cadb73673641,宋代,诗,,,,,"坐忆金台别,于今十四年. 新恩乘五马,北首渡三川. 县急均鹾户,边停助饷钱. 晋民衣食薄,移柱听调弦."
錢勰,"東方千騎擁朱輪，衣錦歸逢故國春。
莫向西湖戀風月，鴒原知有望歸人。",走笔代书寄岊仲七弟,f70fa72a-1955-4bc4-8819-2c9df8e8a89e,宋代,诗,['西湖'],,,,"东方千骑拥朱轮,衣锦归逢故国春. 莫向西湖恋风月,鸰原知有望归人."
章謙亨,"梅在西湖上，精神別一般。
喜供詩客賞，怕與俗人看。
映水林文瘦，依山范叔寒。
生平逢此友，更覺酒腸寬。",西湖观梅三首 其一,98ae5ba7-b106-46ce-873e-91a55af05fce,宋代,诗,['西湖'],,,,"梅在西湖上,精神别一般. 喜供诗客赏,怕与俗人看. 映水林文瘦,依山范叔寒. 生平逢此友,更觉酒肠宽."
劉敞,"楚澤茫茫白芷生，春風紅樹語流鶯。
高樓不見千巖路，落日空含萬里情。",忆和,9c232277-24c3-4290-b892-062490405a28,宋代,诗,,,,,"楚泽茫茫白芷生,春风红树语流莺. 高楼不见千岩路,落日空含万里情."
周密,"秦邸獄成杯酒裏，烏臺禍起一詩間。
《癸辛雜識》續集卷上ff。",句 其一,0cae2b20-33cd-4cb1-8f57-303d82a18294,宋代,诗,,,,,"秦邸狱成杯酒里,乌台祸起一诗间. <癸辛杂识>续集卷上ff."
劉子翬,"儉約身爲率，憂勤壽豈延。
鐘殘長樂夜，日斷泰陵烟。
歸馭應奔月，餘勳頼補天。
傷心南渡日，一棹灨江船。",隆祐太后挽歌辞三首 其三,501e6a8c-a4a3-4027-950a-31658e7d4390,宋代,诗,,,,,"俭约身为率,忧勤寿岂延. 钟残长乐夜,日断泰陵烟. 归驭应奔月,余勋頼补天. 伤心南渡日,一棹灨江船."
釋正覺,"天蓋地載，成團成塊。
周法界而無邊，折鄰虛而無內。
及盡玄微，誰分向背。
佛祖來償口業債，問取南泉王老師，人人只喫一莖菜。",颂古一百则 其六七,27c6f1de-3d17-43bb-a554-f87d213a9dd1,宋代,诗,,,,,"天盖地载,成团成块. 周法界而无边,折邻虚而无内. 及尽玄微,谁分向背. 佛祖来偿口业债,问取南泉王老师,人人只吃一茎菜."
宋白,"虢國威儀過薛王，擔夫爭路氣揚揚。
宮嬪後出香車送，颭碎釵頭玉鳳凰。",宫词 其九一,fa12ce5a-2691-4aeb-b6a3-00d132695ec8,宋代,诗,,,,,"虢国威仪过薛王,担夫争路气扬扬. 宫嫔后出香车送,飐碎钗头玉凤凰."
釋智愚,"欲識窮原處，何人爲指迷。
夕陽鷄犬外，桃李自成蹊。",颂古一百首 其二一,a68d9123-d9cd-41d9-b543-7767b12f1244,宋代,诗,,,,,"欲识穷原处,何人为指迷. 夕阳鸡犬外,桃李自成蹊."
釋居簡,"學道如鑽火，逢煙未可休。
直待金星現，曹門取鄭州。",偈颂一百三十三首 其一五,a0e002e1-5ea8-4637-8cec-8c3642a893fb,宋代,诗,,,,,"学道如钻火,逢烟未可休. 直待金星现,曹门取郑州."
陸文圭,"人受氣之精，百歲驚風雨。
少壯會有衰，神散無復聚。
木受氣之偏，生旺寄於土。
枝榦老更奇，花葉落仍吐。
君看山中桂，秋露滴金乳。
種者是何人，賞者經幾主。
天香入酒冽，吸月空懷古。
素娥笑白髪，對影獨起舞。",老桂古字韵,88e1f991-dbc6-4bb6-8945-6f040717dd6d,宋代,诗,,,,,"人受气之精,百岁惊风雨. 少壮会有衰,神散无复聚. 木受气之偏,生旺寄于土. 枝干老更奇,花叶落仍吐. 君看山中桂,秋露滴金乳. 种者是何人,赏者经几主. 天香入酒冽,吸月空怀古. 素娥笑白髪,对影独起舞."
楊萬里,"脚踏雞翹豹尾間，心飛碧岫白雲端。
人看疎傅如圖畫，帝念嚴光返釣灘。
玉殿松班唐次對，竹宮茅立漢祠官。
自憐病鶴樊籠底，萬羨冥鴻片影寒。",送吴敏叔待制侍郎,bbaf4fb8-ecbb-4974-b304-7e0c2c746df7,宋代,诗,,,,,"脚踏鸡翘豹尾间,心飞碧岫白云端. 人看疎傅如图画,帝念严光返钓滩. 玉殿松班唐次对,竹宫茅立汉祠官. 自怜病鹤樊笼底,万羡冥鸿片影寒."
李曾伯,"巷陌高題儀鳳，橋梁橫卧長虹。
十里江山福地，滿城桃李春風。",全州道间 其二,1c794334-4f0c-4e45-af95-31d29f3ec38c,宋代,诗,,,,,"巷陌高题仪凤,桥梁横卧长虹. 十里江山福地,满城桃李春风."
胡一桂,"盡日勞勞烟雨裏，此行誰識是歟非。
翩然芒屩相隨處，正見梅花欲放時。
太極便堪窺易藴，黄鐘初可驗葭飛。
天心子半無移改，細玩堯夫至日詩。",至日建中次季真韵,cf73054d-c376-4b49-acd8-1edb7be2309d,宋代,诗,,,,,"尽日劳劳烟雨里,此行谁识是欤非. 翩然芒𪨗相随处,正见梅花欲放时. 太极便堪窥易蕴,黄钟初可验葭飞. 天心子半无移改,细玩尧夫至日诗."
袁說友,"江南人物在覿面，足以慰予疇昔念。
識公只在文字間，君子若人今子賤。
江湖路遠睽言談，八年於外自亦閒。
有時拂拭舊珠玉，端欲論詩伯仲間。
公懷席珍方就聘，一航我欲長安近。
只知喜接故人歡，寧羨官高如斗印。
羈懷寂寞逢春光，未著語意何可當。
下帷諸孫出新句，如繭抽緒思無疆。
一詩傑出駭奇創，陡覺詩壇羣膽喪。
自憐老退無好懷，語不驚人慚少壯。
宦情不絕真如絲，有憤莫吐誰與咨。
只今猶得斯人語，剩有風騷同激推。
不堪人事長乖處，聞說扁舟復西去。
十年一見意匆匆，更寫瀟湘別離句。
男兒氣節天所資，道大何計合與違。
但讀詩書談世事，看公衣錦他年歸。",和董显叔韵,8837313b-47a1-4985-862b-61ae1254b4f7,宋代,诗,,,,,"江南人物在觌面,足以慰予畴昔念. 识公只在文字间,君子若人今子贱. 江湖路远睽言谈,八年于外自亦闲. 有时拂拭旧珠玉,端欲论诗伯仲间. 公怀席珍方就聘,一航我欲长安近. 只知喜接故人欢,宁羡官高如斗印. 羁怀寂寞逢春光,未著语意何可当. 下帷诸孙出新句,如茧抽绪思无疆. 一诗杰出骇奇创,陡觉诗坛群胆丧. 自怜老退无好怀,语不惊人惭少壮. 宦情不绝真如丝,有愤莫吐谁与咨. 只今犹得斯人语,剩有风骚同激推. 不堪人事长乖处,闻说扁舟复西去. 十年一见意匆匆,更写潇湘别离句. 男儿气节天所资,道大何计合与违. 但读诗书谈世事,看公衣锦他年归."
蔡薿,雲藏北固山頭寺，烟鎖南徐水際樓。,句,cdf3998c-4e6b-4dd4-a51e-3ee67799a07e,宋代,诗,,,,,"云藏北固山头寺,烟锁南徐水际楼."
孫應時,"劉侯元祐家，高標振流俗。
益州西門外，勝日事幽矚。
襟期得佳士，命駕不待促。
壺觴傍水石，談笑滿林屋。
經行舊臺苑，蕪沒長禾菽。
長吟何激烈，遠思脫羈束。
遥追七賢社，不負千鍾淥。
詩囊寄同幕，足音到空谷。
明月散昏埃，清風濯炎溽。
壯游憶子美，感遇悲伯玉。
功名垂耳驥，歲月長饑鵠。
此事置勿言，時情鬭蠻觸。",和刘师文饮城西见怀,e8a06535-8098-400d-992a-53d6126f23be,宋代,诗,,,,,"刘侯元祐家,高标振流俗. 益州西门外,胜日事幽瞩. 襟期得佳士,命驾不待促. 壶觞傍水石,谈笑满林屋. 经行旧台苑,芜没长禾菽. 长吟何激烈,远思脱羁束. 遥追七贤社,不负千钟渌. 诗囊寄同幕,足音到空谷. 明月散昏埃,清风濯炎溽. 壮游忆子美,感遇悲伯玉. 功名垂耳骥,岁月长饥鹄. 此事置勿言,时情鬭蛮触."
衛宗武,"碑銘細讀識前人，貽後無非舊典刑。
宦業傳家守清白，儒科繼祖播芳馨。
縶駒共歎淹場藿，鳴鹿終當歌野芩。
千古斯文應不泯，待將辭藻掞天庭。",和王总干韵,3264ce70-7dfa-4ed7-a838-f04c0439b786,宋代,诗,,,,,"碑铭细读识前人,贻后无非旧典刑. 宦业传家守清白,儒科继祖播芳馨. 絷驹共叹淹场藿,鸣鹿终当歌野芩. 千古斯文应不泯,待将辞藻掞天庭."
吳泳,"鷹鸇好彈擊，自謂居使之。
鳳凰不鷙搏，羣狡亦莫欺。
但使德意多，何用風采爲。
西臺十六州，人自春熙熙。",寿范漕 其四,3a9d1ffd-f5fe-4bf1-8e0c-fb3970d28f30,宋代,诗,,,,,"鹰鹯好弹击,自谓居使之. 凤凰不鸷搏,群狡亦莫欺. 但使德意多,何用风采为. 西台十六州,人自春熙熙."
釋文珦,"閒身孰能鞿，蕭散隨所欲。
涼風入芒屨，緩步秋塘曲。
清波淡無涯，于以滌心目。
魚鳥亦忘情，何如在濠濮。",闲身 其一,6166f39c-4e82-49e1-8aff-b26f328f8b09,宋代,诗,,,,,"闲身孰能鞿,萧散随所欲. 凉风入芒屦,缓步秋塘曲. 清波淡无涯,于以涤心目. 鱼鸟亦忘情,何如在濠濮."
曹勛,"行年以禮古猶今，况已華顛雪滿簪。
五子政須俱治産，兩疏寧復較揮金。
稍攄雲水安閑計，得展江湖漫浪心。
一笑相逢慰岑寂，更煩擊節發清吟。",和高路分见赠二首 其一,1e3c6e5e-1c93-4a81-b196-0eb342590c46,宋代,诗,,,,,"行年以礼古犹今,况已华颠雪满簪. 五子政须俱治产,两疏宁复较挥金. 稍摅云水安闲计,得展江湖漫浪心. 一笑相逢慰岑寂,更烦击节发清吟."
王之道,"須信桃源路易迷，野人遥指過山西。
由來石室非仙窟，漫向雲中覔舊蹊。",游毛公洞六首 其三,0d269f45-cb07-432f-aa31-6e9681b6666a,宋代,诗,,,,,"须信桃源路易迷,野人遥指过山西. 由来石室非仙窟,漫向云中覔旧蹊."
方回,"萬事心空口亦箝，如何感事氣猶炎。
落花滿硯慵磨墨，乳燕歸梁急捲簾。
詩句妄希敲月賈，郡符深愧釣灘嚴。
千愁萬恨都消處，笑指鄰樓一酒帘。",春半久雨走笔五首 其四,4e9ea91f-b72e-4a22-b02b-29c9b8a093d0,宋代,诗,,,,,"万事心空口亦箝,如何感事气犹炎. 落花满砚慵磨墨,乳燕归梁急卷帘. 诗句妄希敲月贾,郡符深愧钓滩严. 千愁万恨都消处,笑指邻楼一酒帘."
釋凈曇,"本自深山卧白雲，偶然來此寄閑身。
莫來問我禪兼道，我是吃飯屙屎人。",偈,71cb6b52-eb3b-4c1b-a5b2-07837d3081e6,宋代,诗,,,,,"本自深山卧白云,偶然来此寄闲身. 莫来问我禅兼道,我是吃饭屙屎人."
呂本中,"一别又經月，欲来渾未期。
寧知萬卷讀，難療十年饑。
長物新添女，生涯舊有詩。
更傷新况味，不報老親知。",与宁陵叔弟别后有怀兼寄赵才仲二首 其一,a349e2b7-45c6-4d88-b697-983eed1d5583,宋代,诗,,,,,"一别又经月,欲来浑未期. 宁知万卷读,难疗十年饥. 长物新添女,生涯旧有诗. 更伤新况味,不报老亲知."
周必大,"世抱忠精節，心睎社稷臣。
拖紳遺奏日，馳驛挾醫辰。
讜論留丹扆，清班閟紫宸。
史魚屍諫後，聖代不無人。",刘共甫枢密挽词三首 其二,538a03b8-3690-4f30-a637-d4a547fc1fbc,宋代,诗,,,,,"世抱忠精节,心睎社稷臣. 拖绅遗奏日,驰驿挟医辰. 谠论留丹扆,清班閟紫宸. 史鱼尸谏后,圣代不无人."
陳著,"我徂東山，以敖以遊。
彼采葛兮，謂我何求。","寿马裕斋观文 东山,二章,章四句. 其一",87276ad6-f58a-4f40-88b9-e1e782c7af44,宋代,诗,,,,,"我徂东山,以敖以游. 彼采葛兮,谓我何求."
陸游,"衰髮不勝簮，馳驅豈復堪。
客魂迷劍外，歸思滿天南。
江路灘聲壮，雲停雪意酣。
空懷小叢碧，細酌破吴柑。",郫县道中思故里,23c06999-38be-4a3a-8187-5b17e992fc3b,宋代,诗,,,,,"衰发不胜簮,驰驱岂复堪. 客魂迷剑外,归思满天南. 江路滩声壮,云停雪意酣. 空怀小丛碧,细酌破吴柑."
方回,"讀書不見理，作詩欲求名。
定非百世士，苟且誑此生。
蹇予脫萬死，老氣空崢嶸。
莫年識見進，深夜精神清。
一燈何可暗，鼠輩將肆行。
不惜三披衣，續膏挑復明。",夜思,7c37dd5e-9762-40db-8ab6-b1deac2b1bc2,宋代,诗,,,,,"读书不见理,作诗欲求名. 定非百世士,苟且诳此生. 蹇予脱万死,老气空峥嵘. 莫年识见进,深夜精神清. 一灯何可暗,鼠辈将肆行. 不惜三披衣,续膏挑复明."
高斯得,"苕濱衰白一羈人，五玷皇華遣使臣。
已自無恩及南楚，那能有福散東閩。
預憂刺史聲名減，不稱君侯佳句新。
踏徧山川成底事，徒令沮溺笑知津。",庸斋再赋予亦再和,49b0602c-2661-490e-a689-069d3ed359e8,宋代,诗,,,,,"苕滨衰白一羁人,五玷皇华遣使臣. 已自无恩及南楚,那能有福散东闽. 预忧刺史声名减,不称君侯佳句新. 踏徧山川成底事,徒令沮溺笑知津."
楊傑,"鐡鑑埋重泉，知經幾寒暑。
山翁築春田，得之南澗滸。
磨刮追光輝，雲卷秋蟾吐。
斂袵正面視，歷落露心府。
壞垣試一照，陰靈吼風雨。
我欲匣此鑑，西上獻人主。
不願鑑其鑑，願君鑑於古。
桀紂不鑑古，基業傾湯禹。
幽厲不鑑古，綱紀頽文武。
吾皇寶其鑑，清風塞寰宇。",古鉴谣,112cad22-5d18-4a2f-aabb-139696e1d70f,宋代,诗,,,,,"鐡鉴埋重泉,知经几寒暑. 山翁筑春田,得之南涧浒. 磨刮追光辉,云卷秋蟾吐. 敛袵正面视,历落露心府. 坏垣试一照,阴灵吼风雨. 我欲匣此鉴,西上献人主. 不愿鉴其鉴,愿君鉴于古. 桀纣不鉴古,基业倾汤禹. 幽厉不鉴古,纲纪颓文武. 吾皇宝其鉴,清风塞寰宇."
張舜民,"樓上康廬紫翠環，檻前湓浦轉清灣。
帆開三楚蒼茫外，路入雙林窅靄間。",句 其三,eaecbc2c-733a-4b0a-a3c3-27613053810d,宋代,诗,,,,,"楼上康庐紫翠环,槛前湓浦转清湾. 帆开三楚苍茫外,路入双林窅霭间."
王十朋,"中秋翫月小蓬萊，風送嬋娟入座來。
樽俎論文清有味，湖山照眼凈無埃。
雲生脚底蛟龍卧，影落人間鼓角催。
把酒問天兼問月，何時此夜更銜盃。",中秋赏月蓬莱阁呈同官,09616c3a-8aa9-4368-8b4f-b593cbb78782,宋代,诗,,,,,"中秋玩月小蓬莱,风送婵娟入座来. 樽俎论文清有味,湖山照眼净无埃. 云生脚底蛟龙卧,影落人间鼓角催. 把酒问天兼问月,何时此夜更衔杯."
李光,"長堤楊柳映門垂，南北行人認酒旗。
坐上飲流須強醉，休將河水較醇醨。",陈渭老今夕开阁诚为盛事戏成二小诗以侑坐客 其二,9fad7912-db1c-4d0f-8d58-f85b1b09861e,宋代,诗,,,,,"长堤杨柳映门垂,南北行人认酒旗. 坐上饮流须强醉,休将河水较醇醨."
陸文圭,"客至從容奉笑談，晚知蔗境味尤甘。
曲江進士題名遍，安用山人起水南。",舟中追和逊卿早春即事十首 其七,091a3e4f-bffe-4f16-b75e-aabf936f7483,宋代,诗,,,,,"客至从容奉笑谈,晚知蔗境味尤甘. 曲江进士题名遍,安用山人起水南."
楊琛,"蒼蒼終日鎖春愁，欲去迴翔更少留。
傳說王家飼燕女，今朝珠報始知由。",黄燕山,a6b92a2c-e09f-4633-a570-fc405c14aed7,宋代,诗,,,,,"苍苍终日锁春愁,欲去回翔更少留. 传说王家饲燕女,今朝珠报始知由."
梅堯臣,"高樹繞吾廬，薄暮煙氣重。
將棲立傍巢，已振窺落氄。
有來同枿枝，亦各不偎擁。
颼颼陰風寒，夜雪豈無恐。",冻禽,e27992a6-bf32-41d7-8045-5e0d7ee12316,宋代,诗,,,,,"高树绕吾庐,薄暮烟气重. 将栖立傍巢,已振窥落氄. 有来同枿枝,亦各不偎拥. 飕飕阴风寒,夜雪岂无恐."
廖行之,"疇昔雲天一覩披，十年徒有夢追隨。
擔簦已負異時志，仰斗今餘後學師。
夜壑舟亡人孰秘，少微名在世空悲。
嗟嗟莫致徐芻奠，掩袂傷心隕淚洟。",挽黄承事三首 其三,ee8045c8-7c9c-4201-ba4a-5f058fe8e09f,宋代,诗,,,,,"畴昔云天一覩披,十年徒有梦追随. 担簦已负异时志,仰斗今余后学师. 夜壑舟亡人孰秘,少微名在世空悲. 嗟嗟莫致徐刍奠,掩袂伤心陨泪洟."
劉克莊,"獲處從西鄙，胡然瑞物臻。
子因書曰狩，世始識爲麟。
出匪於中國，來常以聖人。
皆云麕且角，誰辨獸而仁。
已嘆吾無位，于嗟汝不辰。
茂陵好奇怪，得者惜非真。",竹溪直院盛称起予草堂诗之善暇日览之多有可恨者因效颦作十首亦前人广骚反骚之意内二十九首用旧题惟岁寒知松柏被褐怀珠玉三首效山谷余十八首别命题或追录少作并存于卷以训童蒙之意 西狩获麟,f6468b76-877e-4f70-b3e7-58690a5093ee,宋代,诗,,,,,"获处从西鄙,胡然瑞物臻. 子因书曰狩,世始识为麟. 出匪于中国,来常以圣人. 皆云麕且角,谁辨兽而仁. 已叹吾无位,于嗟汝不辰. 茂陵好奇怪,得者惜非真."
范成大,"海上三山冠綵霞，六時高會雨天花。
步虛聲裏隨風下，吹落尋常百姓家。",明日子充折赠次韵谢之,94b56b91-fcb3-47f2-9ae8-97edc9aa3e66,宋代,诗,,,,,"海上三山冠彩霞,六时高会雨天花. 步虚声里随风下,吹落寻常百姓家."
何基,"閉關方喜得幽棲，何用邦侯更品題。
自分終身守環堵，不將一步出盤溪。",缴回太守赵庸斋照牒,16dcadd8-1377-4c19-b298-045e7661f214,宋代,诗,,,,,"闭关方喜得幽栖,何用邦侯更品题. 自分终身守环堵,不将一步出盘溪."
